index,name,vtime,avgT,avgTcs,avgH,avgLux,avgRe,avgP,avgE,avgUV,avgCO2,avgC,avgrdr,weather_temperature,weather_humidity,weather_pressure,weather_wind_speed,weather_wind_direction,weather_cloud_cover,weather_visibility,weather_precipitation,weather_code,weather_description
0,SENS_3446C8,2025-09-29 12:10:00+00:00,19.9875,,59.3375,32.745,100.0,0.0,0.0,0.0,1911.75,,1.0,14.4,66.0,1007.0,4.6,249.0,100.0,,0.0,,
1,SENS_3446C8,2025-09-29 12:15:00+00:00,20.683333333333334,,58.42666666666667,38.44,100.0,0.0,0.0,0.0,1936.0,,1.0,14.4,66.0,1007.0,4.6,249.0,100.0,,0.0,,
2,SENS_3446C8,2026-03-14 14:40:00+00:00,16.84,,56.61,0.66,100.0,0.0,0.0,0.0,754.0,,1.0,9.1,48.0,987.8,9.2,281.0,5.0,,0.0,,
3,SENS_3446C8,2026-03-14 15:00:00+00:00,25.860000000000003,,32.11,2.33,4.0,0.0,0.0,0.0,767.0,,0.0,9.1,48.0,987.8,9.2,281.0,5.0,,0.0,,
4,SENS_3446C8,2026-03-14 15:10:00+00:00,26.656,,31.4,2.33,4.0,0.0,0.0,0.0,819.8,,0.0,9.1,48.0,987.8,9.2,281.0,5.0,,0.0,,
5,SENS_3446C8,2026-03-14 15:20:00+00:00,26.918,,30.262,2.33,4.0,0.0,0.0,0.0,740.4,,0.0,9.1,48.0,987.8,9.2,281.0,5.0,,0.0,,
6,SENS_3446C8,2026-03-14 15:30:00+00:00,26.896000000000004,,28.440000000000005,2.33,4.0,0.0,0.0,0.0,575.6,,0.0,9.1,48.0,987.8,9.2,281.0,5.0,,0.0,,
7,SENS_3446C8,2026-03-14 15:40:00+00:00,26.885,,27.995,2.33,4.0,0.0,0.0,0.0,526.5,,0.0,8.8,49.0,988.3,9.2,282.0,19.0,,0.0,,
8,SENS_3446C8,2026-03-14 15:50:00+00:00,26.9,,27.15,2.33,4.0,0.0,0.0,0.0,473.0,,0.0,8.8,49.0,988.3,9.2,282.0,19.0,,0.0,,
9,SENS_3446C8,2026-03-14 16:00:00+00:00,26.966,,26.540000000000003,2.33,4.0,0.0,0.0,0.0,446.8,,0.0,8.8,49.0,988.3,9.2,282.0,19.0,,0.0,,
10,SENS_3446C8,2026-03-14 16:10:00+00:00,26.928,,25.188,2.33,4.0,0.0,0.0,0.0,420.6,,0.0,8.8,49.0,988.3,9.2,282.0,19.0,,0.0,,
11,SENS_3446C8,2026-03-14 16:20:00+00:00,26.910000000000004,,24.922000000000004,2.33,3.8,0.0,0.0,0.0,412.4,,0.0,8.8,49.0,988.3,9.2,282.0,19.0,,0.0,,
12,SENS_3446C8,2026-03-14 16:30:00+00:00,26.956,,27.616000000000003,2.33,4.0,0.0,0.0,0.0,625.0,,0.2,8.8,49.0,988.3,9.2,282.0,19.0,,0.0,,
13,SENS_3446C8,2026-03-14 16:40:00+00:00,27.130000000000003,,28.438,2.33,4.0,0.0,0.0,0.0,619.8,,0.0,8.1,53.0,988.8,8.2,278.0,16.0,,0.0,,
14,SENS_3446C8,2026-03-14 16:50:00+00:00,27.1175,,26.9875,2.33,4.25,0.0,0.0,0.0,531.0,,0.0,8.1,53.0,988.8,8.2,278.0,16.0,,0.0,,
15,SENS_3446C8,2026-03-14 17:00:00+00:00,27.03,,26.746,2.33,4.0,0.0,0.0,0.0,494.4,,0.0,8.1,53.0,988.8,8.2,278.0,16.0,,0.0,,
16,SENS_3446C8,2026-03-14 17:20:00+00:00,27.00333333333333,,26.366666666666664,2.0,4.0,0.0,0.0,0.0,529.3333333333334,,0.0,8.1,53.0,988.8,8.2,278.0,16.0,,0.0,,
17,SENS_3446C8,2026-03-14 17:30:00+00:00,27.046,,26.898000000000003,2.0,4.0,0.0,0.0,0.0,570.2,,0.0,8.1,53.0,988.8,8.2,278.0,16.0,,0.0,,
18,SENS_3446C8,2026-03-14 17:40:00+00:00,27.098000000000003,,27.202000000000005,2.0,4.0,0.0,0.0,0.0,623.4,,0.0,6.7,68.0,989.3,6.3,294.0,0.0,,0.0,,
19,SENS_3446C8,2026-03-14 17:50:00+00:00,27.16,,27.774,2.0,4.0,0.0,0.0,0.0,598.8,,0.0,6.7,68.0,989.3,6.3,294.0,0.0,,0.0,,
20,SENS_3446C8,2026-03-14 18:00:00+00:00,27.164,,27.660000000000004,2.0,4.0,0.0,0.0,0.0,578.2,,0.0,6.7,68.0,989.3,6.3,294.0,0.0,,0.0,,
21,SENS_3446C8,2026-03-14 18:10:00+00:00,27.1875,,27.385,2.0,4.25,0.0,0.0,0.0,589.5,,0.25,6.7,68.0,989.3,6.3,294.0,0.0,,0.0,,
22,SENS_3446C8,2026-03-14 18:20:00+00:00,27.166,,27.334000000000003,2.0,4.2,0.0,0.0,0.0,659.2,,0.0,6.7,68.0,989.3,6.3,294.0,0.0,,0.0,,
23,SENS_3446C8,2026-03-14 18:50:00+00:00,27.292,,28.7,2.0,4.2,0.0,0.0,0.0,674.6,,0.0,5.9,72.0,990.4,6.4,297.0,8.0,,0.0,,
24,SENS_3446C8,2026-03-14 19:00:00+00:00,27.238,,29.346,2.0,5.8,0.0,0.0,0.0,703.0,,0.4,5.9,72.0,990.4,6.4,297.0,8.0,,0.0,,
25,SENS_3446C8,2026-03-14 19:10:00+00:00,27.08666666666667,,29.876666666666665,2.0,6.0,0.0,0.0,0.0,730.6666666666666,,0.0,5.9,72.0,990.4,6.4,297.0,8.0,,0.0,,
26,SENS_3446C8,2026-03-14 19:20:00+00:00,27.072000000000003,,30.044,2.0,6.0,0.0,0.0,0.0,744.8,,0.0,5.9,72.0,990.4,6.4,297.0,8.0,,0.0,,
27,SENS_3446C8,2026-03-14 19:30:00+00:00,27.04,,30.21,2.0,6.0,0.0,0.0,0.0,751.0,,0.0,5.9,72.0,990.4,6.4,297.0,8.0,,0.0,,
28,SENS_3446C8,2026-03-14 19:40:00+00:00,27.046,,30.178,2.0,6.0,0.0,0.0,0.0,772.0,,0.0,5.2,74.0,990.9,6.0,280.0,12.0,,0.0,,
29,SENS_3446C8,2026-03-14 19:50:00+00:00,27.06,,29.94333333333333,2.0,6.0,0.0,0.0,0.0,747.3333333333334,,0.0,5.2,74.0,990.9,6.0,280.0,12.0,,0.0,,
30,SENS_3446C8,2026-03-14 20:00:00+00:00,27.075000000000003,,29.675,2.0,6.0,0.0,0.0,0.0,758.0,,0.0,5.2,74.0,990.9,6.0,280.0,12.0,,0.0,,
31,SENS_3446C8,2026-03-14 20:10:00+00:00,27.11,,29.703333333333333,2.0,6.333333333333333,0.0,0.0,0.0,873.3333333333334,,0.0,5.2,74.0,990.9,6.0,280.0,12.0,,0.0,,
32,SENS_3446C8,2026-03-14 20:20:00+00:00,27.148000000000003,,29.874,2.0,6.0,0.0,0.0,0.0,925.8,,0.0,5.2,74.0,990.9,6.0,280.0,12.0,,0.0,,
33,SENS_3446C8,2026-03-14 20:30:00+00:00,27.194,,30.26,2.0,5.8,0.0,0.0,0.0,979.4,,0.0,5.2,74.0,990.9,6.0,280.0,12.0,,0.0,,
34,SENS_3446C8,2026-03-14 20:55:00+00:00,27.348000000000003,,30.410000000000004,2.0,6.0,0.0,0.0,0.0,902.8,,0.0,4.3,77.0,991.4,5.6,249.0,20.0,,0.0,,
35,SENS_3446C8,2026-03-14 21:15:00+00:00,27.46,,30.875,2.0,5.5,0.0,0.0,0.0,904.5,,0.0,4.3,77.0,991.4,5.6,249.0,20.0,,0.0,,
36,SENS_3446C8,2026-03-14 21:25:00+00:00,27.82,,31.51,0.66,8.0,0.0,0.0,0.0,1449.0,,0.0,4.3,77.0,991.4,5.6,249.0,20.0,,0.0,,
37,SENS_3446C8,2026-03-14 21:35:00+00:00,27.765,,32.345,0.66,5.5,0.0,0.0,0.0,1688.5,,0.0,3.3,81.0,991.9,4.8,250.0,4.0,,0.0,,
38,SENS_3446C8,2026-03-14 21:45:00+00:00,27.81,,33.19,0.66,6.666666666666666,0.0,0.0,0.0,2066.0,,0.0,3.3,81.0,991.9,4.8,250.0,4.0,,0.0,,
39,SENS_3446C8,2026-03-14 22:05:00+00:00,27.9,,34.31,0.66,6.0,0.0,0.0,0.0,2650.0,,0.0,3.3,81.0,991.9,4.8,250.0,4.0,,0.0,,
40,SENS_3446C8,2026-03-14 22:15:00+00:00,27.888,,34.94199999999999,0.66,7.8,0.0,0.0,0.0,2931.6,,0.6,3.3,81.0,991.9,4.8,250.0,4.0,,0.0,,
41,SENS_3446C8,2026-03-14 22:25:00+00:00,27.894000000000005,,35.440000000000005,0.66,6.6,0.0,0.0,0.0,3178.2,,0.0,3.3,81.0,991.9,4.8,250.0,4.0,,0.0,,
42,SENS_3446C8,2026-03-14 22:35:00+00:00,27.934,,35.784000000000006,0.66,5.8,0.0,0.0,0.0,3388.8,,0.0,2.7,83.0,992.1,5.0,229.0,46.0,,0.0,,
43,SENS_3446C8,2026-03-14 22:45:00+00:00,28.08,,36.555,0.66,9.25,0.0,0.0,0.0,3595.25,,1.0,2.7,83.0,992.1,5.0,229.0,46.0,,0.0,,
44,SENS_3446C8,2026-03-14 22:55:00+00:00,28.192,,36.976,0.66,6.0,0.0,0.0,0.0,3724.8,,0.8,2.7,83.0,992.1,5.0,229.0,46.0,,0.0,,
45,SENS_3446C8,2026-03-14 23:05:00+00:00,28.22,,37.39,0.66,6.0,0.0,0.0,0.0,3813.0,,0.0,2.7,83.0,992.1,5.0,229.0,46.0,,0.0,,
46,SENS_3446C8,2026-03-14 23:15:00+00:00,28.25,,37.116,0.66,6.8,0.0,0.0,0.0,3945.4,,0.0,2.7,83.0,992.1,5.0,229.0,46.0,,0.0,,
47,SENS_3446C8,2026-03-14 23:25:00+00:00,28.276,,37.202,0.66,5.8,0.0,0.0,0.0,4067.4,,0.0,2.7,83.0,992.1,5.0,229.0,46.0,,0.0,,
48,SENS_3446C8,2026-03-14 23:35:00+00:00,28.312,,37.31,0.66,6.4,0.0,0.0,0.0,4173.4,,0.8,3.2,82.0,992.0,5.9,218.0,46.0,,0.0,,
49,SENS_3446C8,2026-03-14 23:45:00+00:00,28.328,,37.508,0.66,6.0,0.0,0.0,0.0,4237.8,,0.4,3.2,82.0,992.0,5.9,218.0,46.0,,0.0,,
50,SENS_3446C8,2026-03-15 00:00:00+00:00,28.334,,38.126,0.66,6.0,0.0,0.0,0.0,4429.6,,0.4,3.2,82.0,992.0,5.9,218.0,46.0,,0.0,,
51,SENS_3446C8,2026-03-15 00:10:00+00:00,28.332,,37.75599999999999,0.66,6.6,0.0,0.0,0.0,4296.6,,0.0,3.2,82.0,992.0,5.9,218.0,46.0,,0.0,,
52,SENS_3446C8,2026-03-15 00:20:00+00:00,28.33,,37.88,0.66,6.0,0.0,0.0,0.0,4397.0,,0.0,3.2,82.0,992.0,5.9,218.0,46.0,,0.0,,
53,SENS_3446C8,2026-03-15 00:40:00+00:00,28.37,,38.67,0.66,6.5,0.0,0.0,0.0,4625.5,,0.0,3.7,82.0,992.2,8.5,216.0,98.0,,0.0,,
54,SENS_3446C8,2026-03-15 00:50:00+00:00,28.3925,,38.8025,0.66,6.5,0.0,0.0,0.0,4670.25,,0.5,3.7,82.0,992.2,8.5,216.0,98.0,,0.0,,
55,SENS_3446C8,2026-03-15 01:00:00+00:00,28.425,,38.96,0.66,6.25,0.0,0.0,0.0,4751.75,,0.5,3.7,82.0,992.2,8.5,216.0,98.0,,0.0,,
56,SENS_3446C8,2026-03-15 01:10:00+00:00,28.4325,,39.190000000000005,0.66,7.25,0.0,0.0,0.0,4825.5,,1.0,3.7,82.0,992.2,8.5,216.0,98.0,,0.0,,
57,SENS_3446C8,2026-03-15 01:20:00+00:00,28.43,,39.59,0.66,9.75,0.0,0.0,0.0,4847.75,,1.0,3.7,82.0,992.2,8.5,216.0,98.0,,0.0,,
58,SENS_3446C8,2026-03-15 01:30:00+00:00,28.454,,39.332,0.66,9.2,0.0,0.0,0.0,4903.8,,1.0,3.7,82.0,992.2,8.5,216.0,98.0,,0.0,,
59,SENS_3446C8,2026-03-15 01:40:00+00:00,28.44,,39.528000000000006,0.66,6.4,0.0,0.0,0.0,4965.2,,0.0,3.2,85.0,992.5,9.9,213.0,100.0,,0.0,,
60,SENS_3446C8,2026-03-15 01:50:00+00:00,28.452000000000005,,39.584,0.66,10.6,0.0,0.0,0.0,5003.2,,0.2,3.2,85.0,992.5,9.9,213.0,100.0,,0.0,,
61,SENS_3446C8,2026-03-15 02:15:00+00:00,28.51,,39.728,0.66,7.2,0.0,0.0,0.0,5253.8,,0.0,3.2,85.0,992.5,9.9,213.0,100.0,,0.0,,
62,SENS_3446C8,2026-03-15 02:25:00+00:00,28.5175,,39.74,0.66,6.25,0.0,0.0,0.0,5285.5,,0.0,3.2,85.0,992.5,9.9,213.0,100.0,,0.0,,
63,SENS_3446C8,2026-03-15 02:45:00+00:00,28.5275,,40.1275,0.66,7.5,0.0,0.0,0.0,5327.5,,0.0,3.0,86.0,992.4,11.0,212.0,100.0,,0.0,,
64,SENS_3446C8,2026-03-15 02:55:00+00:00,28.53,,40.474,0.66,11.6,0.0,0.0,0.0,5300.8,,0.4,3.0,86.0,992.4,11.0,212.0,100.0,,0.0,,
65,SENS_3446C8,2026-03-15 03:05:00+00:00,28.547999999999995,,40.816,0.66,6.0,0.0,0.0,0.0,5371.6,,0.6,3.0,86.0,992.4,11.0,212.0,100.0,,0.0,,
66,SENS_3446C8,2026-03-15 03:15:00+00:00,28.548,,41.004,0.66,13.8,0.0,0.0,0.0,5329.8,,0.6,3.0,86.0,992.4,11.0,212.0,100.0,,0.0,,
67,SENS_3446C8,2026-03-15 03:25:00+00:00,28.526,,40.584,0.66,6.2,0.0,0.0,0.0,5330.4,,0.4,3.0,86.0,992.4,11.0,212.0,100.0,,0.0,,
68,SENS_3446C8,2026-03-15 03:35:00+00:00,28.562,,40.606,0.66,7.6,0.0,0.0,0.0,5357.4,,0.6,3.3,86.0,992.6,11.0,212.0,100.0,,0.0,,
69,SENS_3446C8,2026-03-15 03:50:00+00:00,28.555,,40.6325,0.66,6.75,0.0,0.0,0.0,5280.5,,0.5,3.3,86.0,992.6,11.0,212.0,100.0,,0.0,,
70,SENS_3446C8,2026-03-15 04:00:00+00:00,28.535999999999994,,40.89999999999999,0.66,12.8,0.0,0.0,0.0,5256.6,,1.0,3.3,86.0,992.6,11.0,212.0,100.0,,0.0,,
71,SENS_3446C8,2026-03-15 04:10:00+00:00,28.534,,40.828,0.66,13.0,0.0,0.0,0.0,5287.0,,1.0,3.3,86.0,992.6,11.0,212.0,100.0,,0.0,,
72,SENS_3446C8,2026-03-15 04:20:00+00:00,28.546,,40.724,0.66,12.8,0.0,0.0,0.0,5332.0,,1.0,3.3,86.0,992.6,11.0,212.0,100.0,,0.0,,
73,SENS_3446C8,2026-03-15 04:30:00+00:00,28.532,,40.89,0.66,5.4,0.0,0.0,0.0,5340.6,,0.2,3.3,86.0,992.6,11.0,212.0,100.0,,0.0,,
74,SENS_3446C8,2026-03-15 04:40:00+00:00,28.53,,41.12,0.66,6.0,0.0,0.0,0.0,5251.0,,0.0,3.5,88.0,992.5,11.7,203.0,100.0,,0.0,,
75,SENS_3446C8,2026-03-15 04:50:00+00:00,28.5175,,40.99,0.66,5.5,0.0,0.0,0.0,5225.25,,0.0,3.5,88.0,992.5,11.7,203.0,100.0,,0.0,,
76,SENS_3446C8,2026-03-15 05:00:00+00:00,28.5,,41.008,0.66,6.0,0.0,0.0,0.0,5219.0,,0.0,3.5,88.0,992.5,11.7,203.0,100.0,,0.0,,
77,SENS_3446C8,2026-03-15 05:10:00+00:00,28.484,,41.078,0.66,5.8,0.0,0.0,0.0,5159.2,,0.8,3.5,88.0,992.5,11.7,203.0,100.0,,0.0,,
78,SENS_3446C8,2026-03-15 05:25:00+00:00,28.458,,41.018,0.66,11.2,0.0,0.0,0.0,5105.0,,0.8,3.5,88.0,992.5,11.7,203.0,100.0,,0.0,,
79,SENS_3446C8,2026-03-15 05:35:00+00:00,28.468,,40.828,0.66,9.4,0.0,0.0,0.0,5047.2,,0.6,4.1,90.0,991.8,15.1,205.0,76.0,,0.0,,
80,SENS_3446C8,2026-03-15 06:05:00+00:00,28.436,,40.738,0.66,10.4,0.0,0.0,0.0,4868.4,,1.0,4.1,90.0,991.8,15.1,205.0,76.0,,0.0,,
81,SENS_3446C8,2026-03-15 06:15:00+00:00,28.42,,40.9025,0.66,7.25,0.0,0.0,0.0,4843.25,,1.0,4.1,90.0,991.8,15.1,205.0,76.0,,0.0,,
82,SENS_3446C8,2026-03-15 06:25:00+00:00,28.404000000000003,,41.128,0.66,6.0,0.0,0.0,0.0,4857.2,,0.0,4.1,90.0,991.8,15.1,205.0,76.0,,0.0,,
83,SENS_3446C8,2026-03-15 06:35:00+00:00,28.425,,41.35,0.66,6.5,0.0,0.0,0.0,4706.5,,0.0,4.3,91.0,991.1,17.0,204.0,84.0,,0.0,,
84,SENS_3446C8,2026-03-15 06:45:00+00:00,28.410000000000004,,40.916,0.66,6.0,0.0,0.0,0.0,4418.2,,0.0,4.3,91.0,991.1,17.0,204.0,84.0,,0.0,,
85,SENS_3446C8,2026-03-15 07:20:00+00:00,28.0725,,39.275,0.66,13.0,0.0,0.0,0.0,1812.25,,1.0,4.3,91.0,991.1,17.0,204.0,84.0,,0.0,,
86,SENS_3446C8,2026-03-15 08:10:00+00:00,27.8,,36.26,0.66,5.0,0.0,0.0,0.0,860.0,,0.0,5.4,87.0,990.8,19.4,213.0,100.0,,0.0,,
87,SENS_3446C8,2026-03-15 08:25:00+00:00,27.785,,36.01,0.66,6.0,0.0,0.0,0.0,825.5,,0.0,5.4,87.0,990.8,19.4,213.0,100.0,,0.0,,
88,SENS_3446C8,2026-03-15 08:45:00+00:00,27.788,,36.346,0.66,5.6,0.0,0.0,0.0,847.6,,0.0,5.9,85.0,990.7,17.6,209.0,100.0,,0.0,,
89,SENS_3446C8,2026-03-15 08:55:00+00:00,27.762,,36.086,0.66,5.8,0.0,0.0,0.0,809.6,,0.0,5.9,85.0,990.7,17.6,209.0,100.0,,0.0,,
90,SENS_3446C8,2026-03-15 09:05:00+00:00,27.744,,35.83,0.66,5.4,0.0,0.0,0.0,818.0,,0.0,5.9,85.0,990.7,17.6,209.0,100.0,,0.0,,
91,SENS_3446C8,2026-03-15 09:15:00+00:00,27.718,,35.55800000000001,0.66,5.4,0.0,0.0,0.0,803.8,,0.0,5.9,85.0,990.7,17.6,209.0,100.0,,0.0,,
92,SENS_3446C8,2026-03-15 09:25:00+00:00,27.664,,35.246,0.66,5.8,0.0,0.0,0.0,770.0,,0.0,5.9,85.0,990.7,17.6,209.0,100.0,,0.0,,
93,SENS_3446C8,2026-03-15 09:35:00+00:00,27.672000000000004,,34.936,0.66,6.0,0.0,0.0,0.0,741.0,,0.0,6.3,83.0,989.7,18.6,197.0,36.0,,0.0,,
94,SENS_3446C8,2026-03-15 09:45:00+00:00,27.636000000000003,,34.684,2.132,5.4,0.0,0.0,0.0,720.6,,0.8,6.3,83.0,989.7,18.6,197.0,36.0,,0.0,,
95,SENS_3446C8,2026-03-15 09:55:00+00:00,27.602500000000003,,34.55,2.0,5.5,0.0,0.0,0.0,723.5,,0.0,6.3,83.0,989.7,18.6,197.0,36.0,,0.0,,
96,SENS_3446C8,2026-03-15 10:20:00+00:00,27.597999999999995,,34.026,2.0,5.6,0.0,0.0,0.0,640.0,,0.0,6.3,83.0,989.7,18.6,197.0,36.0,,0.0,,
97,SENS_3446C8,2026-03-15 10:30:00+00:00,27.582,,33.792,2.0,5.6,0.0,0.0,0.0,597.2,,0.0,6.3,83.0,989.7,18.6,197.0,36.0,,0.0,,
98,SENS_3446C8,2026-03-15 10:40:00+00:00,27.58,,33.492000000000004,2.0,5.8,0.0,0.0,0.0,560.8,,0.0,8.4,75.0,988.8,27.7,211.0,100.0,,0.0,,
99,SENS_3446C8,2026-03-15 10:50:00+00:00,27.546,,33.338,2.0,5.4,0.0,0.0,0.0,537.6,,0.0,8.4,75.0,988.8,27.7,211.0,100.0,,0.0,,
100,SENS_3446C8,2026-03-15 11:00:00+00:00,27.562,,33.206,2.0,5.4,0.0,0.0,0.0,524.6,,0.0,8.4,75.0,988.8,27.7,211.0,100.0,,0.0,,
101,SENS_3446C8,2026-03-15 11:10:00+00:00,27.56,,33.1275,2.0,5.75,0.0,0.0,0.0,527.5,,0.0,8.4,75.0,988.8,27.7,211.0,100.0,,0.0,,
102,SENS_3446C8,2026-03-15 11:20:00+00:00,27.58,,33.114999999999995,2.0,6.0,0.0,0.0,0.0,526.5,,0.0,8.4,75.0,988.8,27.7,211.0,100.0,,0.0,,
103,SENS_3446C8,2026-03-15 11:30:00+00:00,27.57,,32.076,2.0,5.8,0.0,0.0,0.0,475.6,,0.0,8.4,75.0,988.8,27.7,211.0,100.0,,0.0,,
104,SENS_3446C8,2026-03-15 11:40:00+00:00,27.508,,32.534000000000006,2.0,5.2,0.0,0.0,0.0,488.2,,0.0,9.6,73.0,988.4,28.9,214.0,100.0,,0.1,,
105,SENS_3446C8,2026-03-15 11:50:00+00:00,27.496,,32.556,2.0,5.6,0.0,0.0,0.0,512.6,,0.0,9.6,73.0,988.4,28.9,214.0,100.0,,0.1,,
106,SENS_3446C8,2026-03-15 12:00:00+00:00,27.476,,32.484,2.0,6.0,0.0,0.0,0.0,520.6,,0.0,9.6,73.0,988.4,28.9,214.0,100.0,,0.1,,
107,SENS_3446C8,2026-03-15 12:10:00+00:00,27.472,,32.337999999999994,2.0,5.6,0.0,0.0,0.0,542.8,,0.0,9.6,73.0,988.4,28.9,214.0,100.0,,0.1,,
108,SENS_3446C8,2026-03-15 12:20:00+00:00,27.48,,32.342,2.0,6.0,0.0,0.0,0.0,547.2,,0.0,9.6,73.0,988.4,28.9,214.0,100.0,,0.1,,
109,SENS_3446C8,2026-03-15 12:55:00+00:00,27.4275,,32.2275,2.0,6.0,0.0,0.0,0.0,566.5,,0.0,8.9,81.0,987.6,22.9,208.0,100.0,,0.3,,
110,SENS_3446C8,2026-03-15 13:05:00+00:00,27.424,,32.224000000000004,2.0,5.6,0.0,0.0,0.0,556.0,,0.0,8.9,81.0,987.6,22.9,208.0,100.0,,0.3,,
111,SENS_3446C8,2026-03-15 13:15:00+00:00,27.408,,32.227999999999994,2.0,6.0,0.0,0.0,0.0,564.4,,0.0,8.9,81.0,987.6,22.9,208.0,100.0,,0.3,,
112,SENS_3446C8,2026-03-15 13:25:00+00:00,27.394,,32.206,2.0,5.6,0.0,0.0,0.0,621.2,,0.0,8.9,81.0,987.6,22.9,208.0,100.0,,0.3,,
113,SENS_3446C8,2026-03-15 13:35:00+00:00,27.402,,32.306,2.0,5.6,0.0,0.0,0.0,652.4,,0.0,9.0,84.0,986.6,24.0,212.0,100.0,,0.5,,
114,SENS_3446C8,2026-03-15 13:45:00+00:00,27.3975,,32.31,2.0,5.75,0.0,0.0,0.0,635.75,,0.0,9.0,84.0,986.6,24.0,212.0,100.0,,0.5,,
115,SENS_3446C8,2026-03-15 13:55:00+00:00,27.42,,32.52,2.0,6.0,0.0,0.0,0.0,661.0,,0.0,9.0,84.0,986.6,24.0,212.0,100.0,,0.5,,
116,SENS_3446C8,2026-03-15 14:05:00+00:00,27.444,,32.50599999999999,2.0,6.0,0.0,0.0,0.0,646.6,,0.0,9.0,84.0,986.6,24.0,212.0,100.0,,0.5,,
117,SENS_3446C8,2026-03-15 14:15:00+00:00,27.416000000000004,,32.574,2.0,5.8,0.0,0.0,0.0,652.2,,0.0,9.0,84.0,986.6,24.0,212.0,100.0,,0.5,,
118,SENS_3446C8,2026-03-15 14:25:00+00:00,27.423333333333336,,32.71333333333333,2.0,6.0,0.0,0.0,0.0,669.6666666666666,,0.0,9.0,84.0,986.6,24.0,212.0,100.0,,0.5,,
119,SENS_3446C8,2026-03-15 14:35:00+00:00,27.413333333333338,,32.76,2.0,5.666666666666666,0.0,0.0,0.0,663.3333333333334,,0.0,8.6,92.0,986.5,21.6,246.0,100.0,,1.2,,
120,SENS_3446C8,2026-03-15 14:45:00+00:00,27.3975,,32.745000000000005,2.0,5.75,0.0,0.0,0.0,655.0,,0.0,8.6,92.0,986.5,21.6,246.0,100.0,,1.2,,
121,SENS_3446C8,2026-03-15 15:00:00+00:00,27.423333333333336,,32.74333333333333,2.0,5.666666666666666,0.0,0.0,0.0,680.0,,0.0,8.6,92.0,986.5,21.6,246.0,100.0,,1.2,,
122,SENS_3446C8,2026-03-15 15:10:00+00:00,27.55,,32.895,2.0,6.0,0.0,0.0,0.0,729.5,,0.0,8.6,92.0,986.5,21.6,246.0,100.0,,1.2,,
123,SENS_3446C8,2026-03-15 15:20:00+00:00,27.52,,33.21,2.0,6.0,0.0,0.0,0.0,739.3333333333334,,0.0,8.6,92.0,986.5,21.6,246.0,100.0,,1.2,,
124,SENS_3446C8,2026-03-15 15:30:00+00:00,27.53,,33.992000000000004,2.0,5.8,0.0,0.0,0.0,750.0,,0.0,8.6,92.0,986.5,21.6,246.0,100.0,,1.2,,
125,SENS_3446C8,2026-03-15 15:40:00+00:00,27.658000000000005,,35.642,2.0,5.8,0.0,0.0,0.0,842.8,,0.0,7.8,87.0,986.7,17.6,262.0,61.0,,0.7,,
126,SENS_3446C8,2026-03-15 15:50:00+00:00,27.78,,36.914,2.0,5.6,0.0,0.0,0.0,911.8,,0.0,7.8,87.0,986.7,17.6,262.0,61.0,,0.7,,
127,SENS_3446C8,2026-03-15 16:00:00+00:00,27.832,,37.894,2.0,6.0,0.0,0.0,0.0,932.0,,0.0,7.8,87.0,986.7,17.6,262.0,61.0,,0.7,,
128,SENS_3446C8,2026-03-15 16:10:00+00:00,27.89,,37.545,2.0,5.75,0.0,0.0,0.0,828.5,,0.0,7.8,87.0,986.7,17.6,262.0,61.0,,0.7,,
129,SENS_3446C8,2026-03-15 16:30:00+00:00,27.93,,36.47,2.0,5.6,0.0,0.0,0.0,781.4,,0.0,7.8,87.0,986.7,17.6,262.0,61.0,,0.7,,
130,SENS_3446C8,2026-03-15 16:45:00+00:00,27.965000000000003,,36.4525,2.0,5.75,0.0,0.0,0.0,834.5,,0.0,7.7,83.0,987.0,19.0,265.0,85.0,,0.0,,
131,SENS_3446C8,2026-03-15 16:55:00+00:00,27.992,,36.254,2.0,5.8,0.0,0.0,0.0,853.8,,0.0,7.7,83.0,987.0,19.0,265.0,85.0,,0.0,,
132,SENS_3446C8,2026-03-15 17:05:00+00:00,27.996,,36.224,2.0,5.6,0.0,0.0,0.0,869.0,,0.0,7.7,83.0,987.0,19.0,265.0,85.0,,0.0,,
133,SENS_3446C8,2026-03-15 17:25:00+00:00,28.044,,36.248,2.0,5.6,0.0,0.0,0.0,859.2,,0.0,7.7,83.0,987.0,19.0,265.0,85.0,,0.0,,
134,SENS_3446C8,2026-03-15 17:35:00+00:00,28.11,,36.28,2.0,5.666666666666666,0.0,0.0,0.0,844.6666666666666,,0.0,7.2,77.0,987.7,18.5,263.0,5.0,,0.0,,
135,SENS_3446C8,2026-03-15 17:45:00+00:00,28.178000000000004,,36.576,2.0,5.6,0.0,0.0,0.0,837.2,,0.0,7.2,77.0,987.7,18.5,263.0,5.0,,0.0,,
136,SENS_3446C8,2026-03-15 17:55:00+00:00,28.186,,36.8,2.0,5.6,0.0,0.0,0.0,827.6,,0.0,7.2,77.0,987.7,18.5,263.0,5.0,,0.0,,
137,SENS_3446C8,2026-03-15 18:05:00+00:00,28.256,,36.834,2.0,6.0,0.0,0.0,0.0,816.4,,0.0,7.2,77.0,987.7,18.5,263.0,5.0,,0.0,,
138,SENS_3446C8,2026-03-15 18:20:00+00:00,28.32,,36.694,2.0,5.6,0.0,0.0,0.0,800.2,,0.0,7.2,77.0,987.7,18.5,263.0,5.0,,0.0,,
139,SENS_3446C8,2026-03-15 18:30:00+00:00,28.328,,36.176,2.0,5.8,0.0,0.0,0.0,784.2,,0.0,7.2,77.0,987.7,18.5,263.0,5.0,,0.0,,
140,SENS_3446C8,2026-03-15 18:40:00+00:00,28.355,,35.754999999999995,2.0,5.5,0.0,0.0,0.0,768.5,,0.0,6.1,78.0,988.3,16.1,257.0,13.0,,0.0,,
141,SENS_3446C8,2026-03-15 19:00:00+00:00,28.324,,35.534000000000006,2.0,5.8,0.0,0.0,0.0,794.4,,0.0,6.1,78.0,988.3,16.1,257.0,13.0,,0.0,,
142,SENS_3446C8,2026-03-15 19:10:00+00:00,28.322000000000003,,35.438,2.0,5.8,0.0,0.0,0.0,819.0,,0.0,6.1,78.0,988.3,16.1,257.0,13.0,,0.0,,
143,SENS_3446C8,2026-03-15 19:20:00+00:00,28.272,,35.38,2.0,5.6,0.0,0.0,0.0,839.2,,0.0,6.1,78.0,988.3,16.1,257.0,13.0,,0.0,,
144,SENS_3446C8,2026-03-15 19:30:00+00:00,28.234,,35.554,2.0,5.8,0.0,0.0,0.0,859.6,,0.0,6.1,78.0,988.3,16.1,257.0,13.0,,0.0,,
145,SENS_3446C8,2026-03-15 19:55:00+00:00,28.308,,35.867999999999995,2.0,5.4,0.0,0.0,0.0,947.8,,0.0,5.6,80.0,988.9,16.5,252.0,41.0,,0.0,,
146,SENS_3446C8,2026-03-15 20:05:00+00:00,28.355,,35.419999999999995,2.0,5.75,0.0,0.0,0.0,905.75,,0.0,5.6,80.0,988.9,16.5,252.0,41.0,,0.0,,
147,SENS_3446C8,2026-03-15 20:15:00+00:00,28.405,,35.4375,2.0,5.5,0.0,0.0,0.0,859.5,,0.0,5.6,80.0,988.9,16.5,252.0,41.0,,0.0,,
148,SENS_3446C8,2026-03-15 20:25:00+00:00,28.5375,,35.2575,0.66,5.5,0.0,0.0,0.0,915.75,,0.0,5.6,80.0,988.9,16.5,252.0,41.0,,0.0,,
149,SENS_3446C8,2026-03-15 20:35:00+00:00,28.712,,35.010000000000005,0.66,10.0,0.0,0.0,0.0,980.2,,0.4,5.2,77.0,989.4,17.3,262.0,89.0,,0.1,,
150,SENS_3446C8,2026-03-15 20:45:00+00:00,28.7625,,35.8325,0.66,9.5,0.0,0.0,0.0,1299.25,,0.75,5.2,77.0,989.4,17.3,262.0,89.0,,0.1,,
151,SENS_3446C8,2026-03-15 21:00:00+00:00,28.82,,36.525000000000006,0.66,30.25,0.0,0.0,0.0,1478.0,,1.0,5.2,77.0,989.4,17.3,262.0,89.0,,0.1,,
152,SENS_3446C8,2026-03-15 21:20:00+00:00,29.00333333333333,,36.16333333333333,0.66,15.333333333333332,0.0,0.0,0.0,1294.0,,0.6666666666666666,5.2,77.0,989.4,17.3,262.0,89.0,,0.1,,
153,SENS_3446C8,2026-03-15 21:30:00+00:00,29.04,,35.9,0.66,9.0,0.0,0.0,0.0,1179.0,,1.0,5.2,77.0,989.4,17.3,262.0,89.0,,0.1,,
154,SENS_3446C8,2026-03-15 21:40:00+00:00,29.042,,35.876,0.66,8.4,0.0,0.0,0.0,1158.2,,0.0,4.8,78.0,989.9,18.6,261.0,37.0,,0.0,,
155,SENS_3446C8,2026-03-15 21:50:00+00:00,29.06,,35.74,0.66,8.0,0.0,0.0,0.0,1195.0,,0.0,4.8,78.0,989.9,18.6,261.0,37.0,,0.0,,
156,SENS_3446C8,2026-03-15 22:00:00+00:00,28.918,,36.258,0.66,8.8,0.0,0.0,0.0,1247.0,,1.0,4.8,78.0,989.9,18.6,261.0,37.0,,0.0,,
157,SENS_3446C8,2026-03-15 22:10:00+00:00,28.842,,36.772,0.66,21.6,0.0,0.0,0.0,1356.6,,0.8,4.8,78.0,989.9,18.6,261.0,37.0,,0.0,,
158,SENS_3446C8,2026-03-15 22:25:00+00:00,28.895,,36.64,0.66,6.0,0.0,0.0,0.0,1357.0,,1.0,4.8,78.0,989.9,18.6,261.0,37.0,,0.0,,
159,SENS_3446C8,2026-03-15 22:55:00+00:00,28.984,,36.022000000000006,0.66,5.4,0.0,0.0,0.0,1252.8,,0.0,4.3,81.0,990.6,17.8,262.0,34.0,,0.0,,
160,SENS_3446C8,2026-03-15 23:05:00+00:00,28.982,,35.83800000000001,0.66,5.8,0.0,0.0,0.0,1211.0,,0.0,4.3,81.0,990.6,17.8,262.0,34.0,,0.0,,
161,SENS_3446C8,2026-03-15 23:15:00+00:00,28.982,,35.844,0.66,11.6,0.0,0.0,0.0,1182.4,,0.8,4.3,81.0,990.6,17.8,262.0,34.0,,0.0,,
162,SENS_3446C8,2026-03-15 23:25:00+00:00,29.006,,35.660000000000004,0.66,6.4,0.0,0.0,0.0,1167.4,,0.0,4.3,81.0,990.6,17.8,262.0,34.0,,0.0,,
163,SENS_3446C8,2026-03-15 23:40:00+00:00,28.945,,35.895,0.66,5.5,0.0,0.0,0.0,1147.5,,0.5,4.1,80.0,991.2,17.3,260.0,100.0,,0.0,,
164,SENS_3446C8,2026-03-16 00:00:00+00:00,28.910000000000004,,36.062,0.66,6.0,0.0,0.0,0.0,1233.2,,0.0,4.1,80.0,991.2,17.3,260.0,100.0,,0.0,,
165,SENS_3446C8,2026-03-16 00:10:00+00:00,28.902,,36.02,0.66,7.4,0.0,0.0,0.0,1250.2,,0.0,4.1,80.0,991.2,17.3,260.0,100.0,,0.0,,
166,SENS_3446C8,2026-03-16 00:20:00+00:00,28.886000000000003,,35.983999999999995,0.66,5.6,0.0,0.0,0.0,1243.6,,0.0,4.1,80.0,991.2,17.3,260.0,100.0,,0.0,,
167,SENS_3446C8,2026-03-16 00:30:00+00:00,28.882,,35.84,0.66,6.4,0.0,0.0,0.0,1217.8,,0.0,4.1,80.0,991.2,17.3,260.0,100.0,,0.0,,
168,SENS_3446C8,2026-03-16 00:40:00+00:00,28.872000000000003,,35.82600000000001,0.66,6.2,0.0,0.0,0.0,1225.8,,0.0,4.2,79.0,991.4,17.2,260.0,100.0,,0.0,,
169,SENS_3446C8,2026-03-16 00:55:00+00:00,28.894,,35.61,0.66,6.2,0.0,0.0,0.0,1195.2,,0.4,4.2,79.0,991.4,17.2,260.0,100.0,,0.0,,
170,SENS_3446C8,2026-03-16 01:05:00+00:00,28.918,,35.42999999999999,0.66,5.4,0.0,0.0,0.0,1117.0,,0.0,4.2,79.0,991.4,17.2,260.0,100.0,,0.0,,
171,SENS_3446C8,2026-03-16 01:25:00+00:00,28.912,,35.256,0.66,5.2,0.0,0.0,0.0,1058.8,,0.0,4.2,79.0,991.4,17.2,260.0,100.0,,0.0,,
172,SENS_3446C8,2026-03-16 01:35:00+00:00,28.914,,35.102,0.66,5.4,0.0,0.0,0.0,1035.6,,0.0,4.2,77.0,991.3,17.1,262.0,77.0,,0.0,,
173,SENS_3446C8,2026-03-16 01:50:00+00:00,28.892000000000003,,34.778,0.66,5.4,0.0,0.0,0.0,990.6,,0.0,4.2,77.0,991.3,17.1,262.0,77.0,,0.0,,
174,SENS_3446C8,2026-03-16 02:00:00+00:00,28.892000000000003,,34.68000000000001,0.66,10.8,0.0,0.0,0.0,995.6,,0.6,4.2,77.0,991.3,17.1,262.0,77.0,,0.0,,
175,SENS_3446C8,2026-03-16 02:10:00+00:00,28.886000000000003,,34.386,0.66,5.6,0.0,0.0,0.0,949.4,,0.2,4.2,77.0,991.3,17.1,262.0,77.0,,0.0,,
176,SENS_3446C8,2026-03-16 02:30:00+00:00,28.86,,34.23,0.66,6.0,0.0,0.0,0.0,952.0,,0.0,4.2,77.0,991.3,17.1,262.0,77.0,,0.0,,
177,SENS_3446C8,2026-03-16 02:40:00+00:00,28.88,,34.415,0.66,27.75,0.0,0.0,0.0,984.25,,1.0,4.0,81.0,991.3,17.3,259.0,85.0,,0.0,,
178,SENS_3446C8,2026-03-16 02:50:00+00:00,28.872000000000003,,34.494,0.66,6.6,0.0,0.0,0.0,1054.2,,0.0,4.0,81.0,991.3,17.3,259.0,85.0,,0.0,,
179,SENS_3446C8,2026-03-16 03:05:00+00:00,28.826,,34.306,0.66,6.2,0.0,0.0,0.0,986.4,,0.0,4.0,81.0,991.3,17.3,259.0,85.0,,0.0,,
180,SENS_3446C8,2026-03-16 03:15:00+00:00,28.78,,34.483999999999995,0.66,9.6,0.0,0.0,0.0,1015.2,,0.4,4.0,81.0,991.3,17.3,259.0,85.0,,0.0,,
181,SENS_3446C8,2026-03-16 03:25:00+00:00,28.75,,34.46,0.66,6.8,0.0,0.0,0.0,1035.0,,0.6,4.0,81.0,991.3,17.3,259.0,85.0,,0.0,,
182,SENS_3446C8,2026-03-16 03:45:00+00:00,28.73,,34.194,0.66,5.4,0.0,0.0,0.0,968.4,,0.0,3.9,81.0,991.7,16.9,258.0,73.0,,0.0,,
183,SENS_3446C8,2026-03-16 04:00:00+00:00,28.666000000000004,,33.89399999999999,0.66,6.2,0.0,0.0,0.0,931.2,,0.0,3.9,81.0,991.7,16.9,258.0,73.0,,0.0,,
184,SENS_3446C8,2026-03-16 04:10:00+00:00,28.676,,33.82,0.66,5.8,0.0,0.0,0.0,919.4,,0.0,3.9,81.0,991.7,16.9,258.0,73.0,,0.0,,
185,SENS_3446C8,2026-03-16 04:20:00+00:00,28.658000000000005,,33.69199999999999,0.66,5.4,0.0,0.0,0.0,920.4,,0.0,3.9,81.0,991.7,16.9,258.0,73.0,,0.0,,
186,SENS_3446C8,2026-03-16 04:30:00+00:00,28.665,,33.5925,0.66,30.25,0.0,0.0,0.0,937.25,,1.0,3.9,81.0,991.7,16.9,258.0,73.0,,0.0,,
187,SENS_3446C8,2026-03-16 04:50:00+00:00,28.72,,33.435,0.66,5.0,0.0,0.0,0.0,930.5,,0.5,4.0,83.0,992.6,15.9,254.0,100.0,,0.0,,
188,SENS_3446C8,2026-03-16 05:05:00+00:00,28.73,,32.7,0.66,6.0,0.0,0.0,0.0,849.0,,0.0,4.0,83.0,992.6,15.9,254.0,100.0,,0.0,,
189,SENS_3446C8,2026-03-16 06:30:00+00:00,28.5175,,32.3825,0.66,40.0,0.0,0.0,0.0,858.25,,1.0,4.2,85.0,993.1,15.0,249.0,100.0,,0.0,,
190,SENS_3446C8,2026-03-16 06:55:00+00:00,28.296000000000003,,32.03,0.66,5.6,0.0,0.0,0.0,752.4,,0.0,4.4,84.0,993.4,13.6,247.0,100.0,,0.0,,
191,SENS_3446C8,2026-03-16 07:05:00+00:00,28.234,,32.496,0.66,5.6,0.0,0.0,0.0,794.8,,0.0,4.4,84.0,993.4,13.6,247.0,100.0,,0.0,,
192,SENS_3446C8,2026-03-16 07:15:00+00:00,28.22,,32.540000000000006,0.66,5.6,0.0,0.0,0.0,785.2,,0.0,4.4,84.0,993.4,13.6,247.0,100.0,,0.0,,
193,SENS_3446C8,2026-03-16 07:25:00+00:00,28.183333333333334,,32.46,0.66,5.0,0.0,0.0,0.0,756.3333333333334,,0.0,4.4,84.0,993.4,13.6,247.0,100.0,,0.0,,
194,SENS_3446C8,2026-03-16 07:50:00+00:00,28.1425,,32.81,0.66,5.75,0.0,0.0,0.0,785.0,,0.0,5.4,80.0,994.0,15.3,242.0,44.0,,0.0,,
195,SENS_3446C8,2026-03-16 08:00:00+00:00,28.148000000000003,,33.404,0.66,5.2,0.0,0.0,0.0,752.6,,0.0,5.4,80.0,994.0,15.3,242.0,44.0,,0.0,,
196,SENS_3446C8,2026-03-16 08:10:00+00:00,28.1975,,33.63,0.66,5.25,0.0,0.0,0.0,705.25,,0.0,5.4,80.0,994.0,15.3,242.0,44.0,,0.0,,
197,SENS_3446C8,2026-03-16 08:20:00+00:00,28.08,,33.1125,0.66,5.25,0.0,0.0,0.0,601.0,,0.0,5.4,80.0,994.0,15.3,242.0,44.0,,0.0,,
198,SENS_3446C8,2026-03-16 08:30:00+00:00,27.98,,32.76,0.66,6.0,0.0,0.0,0.0,593.5,,0.0,5.4,80.0,994.0,15.3,242.0,44.0,,0.0,,
199,SENS_3446C8,2026-03-16 09:15:00+00:00,27.442,,30.022,0.66,5.8,0.0,0.0,0.0,468.0,,0.0,6.9,76.0,994.3,13.0,228.0,74.0,,0.0,,
200,SENS_3446C8,2026-03-16 09:25:00+00:00,27.58,,30.445,0.66,5.0,0.0,0.0,0.0,504.0,,0.0,6.9,76.0,994.3,13.0,228.0,74.0,,0.0,,
201,SENS_3446C8,2026-03-16 09:35:00+00:00,27.65,,30.792,0.66,6.0,0.0,0.0,0.0,533.0,,0.0,8.3,71.0,994.5,19.7,240.0,96.0,,0.0,,
202,SENS_3446C8,2026-03-16 09:45:00+00:00,27.686,,30.856,0.66,6.0,0.0,0.0,0.0,563.6,,0.0,8.3,71.0,994.5,19.7,240.0,96.0,,0.0,,
203,SENS_3446C8,2026-03-16 09:55:00+00:00,27.688,,31.160000000000004,0.66,5.8,0.0,0.0,0.0,587.6,,0.0,8.3,71.0,994.5,19.7,240.0,96.0,,0.0,,
204,SENS_3446C8,2026-03-16 10:05:00+00:00,27.664,,31.154000000000003,0.66,5.4,0.0,0.0,0.0,593.8,,0.0,8.3,71.0,994.5,19.7,240.0,96.0,,0.0,,
205,SENS_3446C8,2026-03-16 10:25:00+00:00,27.653333333333336,,31.24333333333333,0.66,5.666666666666666,0.0,0.0,0.0,595.6666666666666,,0.0,8.3,71.0,994.5,19.7,240.0,96.0,,0.0,,
206,SENS_3446C8,2026-03-16 10:35:00+00:00,27.63,,31.285,0.66,5.75,0.0,0.0,0.0,600.5,,0.0,8.9,68.0,995.0,20.2,242.0,100.0,,0.1,,
207,SENS_3446C8,2026-03-16 10:45:00+00:00,27.602500000000003,,31.5025,0.66,5.25,0.0,0.0,0.0,613.25,,0.0,8.9,68.0,995.0,20.2,242.0,100.0,,0.1,,
208,SENS_3446C8,2026-03-16 10:55:00+00:00,27.68,,31.3,0.66,5.5,0.0,0.0,0.0,625.5,,0.0,8.9,68.0,995.0,20.2,242.0,100.0,,0.1,,
209,SENS_3446C8,2026-03-16 11:05:00+00:00,27.622,,31.564000000000004,0.66,5.2,0.0,0.0,0.0,635.8,,0.0,8.9,68.0,995.0,20.2,242.0,100.0,,0.1,,
210,SENS_3446C8,2026-03-16 11:15:00+00:00,27.58,,31.616,0.66,5.8,0.0,0.0,0.0,645.2,,0.0,8.9,68.0,995.0,20.2,242.0,100.0,,0.1,,
211,SENS_3446C8,2026-03-16 11:25:00+00:00,27.585,,31.545,0.66,5.25,0.0,0.0,0.0,651.5,,0.0,8.9,68.0,995.0,20.2,242.0,100.0,,0.1,,
212,SENS_3446C8,2026-03-16 11:45:00+00:00,27.5525,,31.8575,0.66,5.25,0.0,0.0,0.0,692.25,,0.0,8.8,69.0,995.4,17.3,240.0,100.0,,0.0,,
213,SENS_3446C8,2026-03-16 11:55:00+00:00,27.55,,31.894,0.66,5.6,0.0,0.0,0.0,698.8,,0.0,8.8,69.0,995.4,17.3,240.0,100.0,,0.0,,
214,SENS_3446C8,2026-03-16 12:05:00+00:00,27.554,,31.815999999999995,0.66,5.6,0.0,0.0,0.0,709.2,,0.0,8.8,69.0,995.4,17.3,240.0,100.0,,0.0,,
215,SENS_3446C8,2026-03-16 12:15:00+00:00,27.534,,31.9,0.66,5.6,0.0,0.0,0.0,718.4,,0.0,8.8,69.0,995.4,17.3,240.0,100.0,,0.0,,
216,SENS_3446C8,2026-03-16 12:25:00+00:00,27.54,,31.814,0.66,5.2,0.0,0.0,0.0,707.6,,0.0,8.8,69.0,995.4,17.3,240.0,100.0,,0.0,,
217,SENS_3446C8,2026-03-16 12:35:00+00:00,27.528,,31.754,1.53,11.8,0.0,0.0,0.0,746.8,,0.6,9.8,67.0,995.2,15.9,237.0,100.0,,0.0,,
218,SENS_3446C8,2026-03-16 12:50:00+00:00,27.862,,31.716,0.33,5.6,0.0,0.0,0.0,907.8,,0.0,9.8,67.0,995.2,15.9,237.0,100.0,,0.0,,
219,SENS_3446C8,2026-03-16 13:00:00+00:00,27.98,,31.493999999999996,0.33,8.6,0.0,0.0,0.0,822.6,,0.6,9.8,67.0,995.2,15.9,237.0,100.0,,0.0,,
220,SENS_3446C8,2026-03-16 13:10:00+00:00,28.01,,31.25,0.33,5.0,0.0,0.0,0.0,768.0,,0.0,9.8,67.0,995.2,15.9,237.0,100.0,,0.0,,
221,SENS_3446C8,2026-03-16 13:20:00+00:00,27.94666666666667,,31.25333333333333,0.33,4.333333333333333,0.0,0.0,0.0,702.6666666666666,,0.0,9.8,67.0,995.2,15.9,237.0,100.0,,0.0,,
222,SENS_3446C8,2026-03-16 13:30:00+00:00,27.848000000000003,,31.23,0.33,5.0,0.0,0.0,0.0,684.2,,0.0,9.8,67.0,995.2,15.9,237.0,100.0,,0.0,,
223,SENS_3446C8,2026-03-16 13:40:00+00:00,27.786,,31.246,0.33,4.6,0.0,0.0,0.0,653.0,,0.0,9.2,74.0,995.2,15.3,229.0,100.0,,0.0,,
224,SENS_3446C8,2026-03-16 13:50:00+00:00,27.734,,31.192,0.33,4.6,0.0,0.0,0.0,628.6,,0.0,9.2,74.0,995.2,15.3,229.0,100.0,,0.0,,
225,SENS_3446C8,2026-03-16 14:00:00+00:00,27.71,,31.404,0.33,5.0,0.0,0.0,0.0,652.4,,0.0,9.2,74.0,995.2,15.3,229.0,100.0,,0.0,,
226,SENS_3446C8,2026-03-16 14:10:00+00:00,27.702,,31.07,0.33,4.2,0.0,0.0,0.0,632.0,,0.0,9.2,74.0,995.2,15.3,229.0,100.0,,0.0,,
227,SENS_3446C8,2026-03-16 14:20:00+00:00,27.65,,31.296000000000003,0.33,4.4,0.0,0.0,0.0,613.8,,0.0,9.2,74.0,995.2,15.3,229.0,100.0,,0.0,,
228,SENS_3446C8,2026-03-16 14:30:00+00:00,27.648000000000003,,31.872000000000003,0.33,4.2,0.0,0.0,0.0,672.8,,0.2,9.2,74.0,995.2,15.3,229.0,100.0,,0.0,,
229,SENS_3446C8,2026-03-16 14:40:00+00:00,27.63,,31.96,0.33,4.0,0.0,0.0,0.0,682.0,,0.0,8.9,80.0,995.3,14.7,219.0,100.0,,0.1,,
230,SENS_3446C8,2026-03-16 14:50:00+00:00,27.645,,32.08,0.33,12.0,0.0,0.0,0.0,685.5,,0.0,8.9,80.0,995.3,14.7,219.0,100.0,,0.1,,
231,SENS_3446C8,2026-03-16 15:00:00+00:00,27.675,,32.215,0.33,5.5,0.0,0.0,0.0,750.0,,0.0,8.9,80.0,995.3,14.7,219.0,100.0,,0.1,,
232,SENS_3446C8,2026-03-16 15:20:00+00:00,27.675,,31.905,0.33,29.25,0.0,0.0,0.0,668.5,,1.0,8.9,80.0,995.3,14.7,219.0,100.0,,0.1,,
233,SENS_3446C8,2026-03-16 15:30:00+00:00,27.67,,31.845,0.33,17.5,0.0,0.0,0.0,634.5,,1.0,8.9,80.0,995.3,14.7,219.0,100.0,,0.1,,
234,SENS_3446C8,2026-03-16 15:40:00+00:00,27.67,,32.67,0.33,5.0,0.0,0.0,0.0,711.0,,1.0,8.9,82.0,994.8,14.7,207.0,100.0,,0.1,,
235,SENS_3446C8,2026-03-16 15:50:00+00:00,27.65,,32.86,0.33,5.0,0.0,0.0,0.0,708.0,,0.0,8.9,82.0,994.8,14.7,207.0,100.0,,0.1,,
236,SENS_3446C8,2026-03-16 16:00:00+00:00,27.605,,34.1575,0.33,4.75,0.0,0.0,0.0,740.0,,0.0,8.9,82.0,994.8,14.7,207.0,100.0,,0.1,,
237,SENS_3446C8,2026-03-16 16:10:00+00:00,27.75,,34.57666666666666,0.33,4.0,0.0,0.0,0.0,830.0,,0.0,8.9,82.0,994.8,14.7,207.0,100.0,,0.1,,
238,SENS_3446C8,2026-03-16 16:20:00+00:00,27.8425,,35.2275,0.33,4.5,0.0,0.0,0.0,864.5,,0.0,8.9,82.0,994.8,14.7,207.0,100.0,,0.1,,
239,SENS_3446C8,2026-03-16 16:30:00+00:00,27.915,,35.6575,0.33,4.25,0.0,0.0,0.0,867.0,,0.0,8.9,82.0,994.8,14.7,207.0,100.0,,0.1,,
240,SENS_3446C8,2026-03-16 16:40:00+00:00,28.076,,35.936,0.33,4.6,0.0,0.0,0.0,867.6,,0.0,8.9,85.0,994.6,16.9,211.0,100.0,,0.1,,
241,SENS_3446C8,2026-03-16 16:50:00+00:00,28.2425,,35.8125,0.33,4.25,0.0,0.0,0.0,882.0,,0.0,8.9,85.0,994.6,16.9,211.0,100.0,,0.1,,
242,SENS_3446C8,2026-03-16 17:00:00+00:00,28.4,,35.52,0.33,4.5,0.0,0.0,0.0,875.5,,0.0,8.9,85.0,994.6,16.9,211.0,100.0,,0.1,,
243,SENS_3446C8,2026-03-16 17:25:00+00:00,28.7125,,34.6025,0.33,4.25,0.0,0.0,0.0,824.0,,0.0,8.9,85.0,994.6,16.9,211.0,100.0,,0.1,,
244,SENS_3446C8,2026-03-16 17:35:00+00:00,28.784,,34.516000000000005,0.33,4.2,0.0,0.0,0.0,807.8,,0.0,9.3,87.0,994.7,17.3,215.0,100.0,,0.0,,
245,SENS_3446C8,2026-03-16 17:45:00+00:00,28.788,,34.338,0.33,4.0,0.0,0.0,0.0,807.8,,0.0,9.3,87.0,994.7,17.3,215.0,100.0,,0.0,,
246,SENS_3446C8,2026-03-16 17:55:00+00:00,28.802,,34.102000000000004,0.33,4.8,0.0,0.0,0.0,805.6,,0.0,9.3,87.0,994.7,17.3,215.0,100.0,,0.0,,
247,SENS_3446C8,2026-03-16 18:05:00+00:00,28.820000000000004,,33.85666666666667,0.33,4.666666666666666,0.0,0.0,0.0,806.6666666666666,,0.0,9.3,87.0,994.7,17.3,215.0,100.0,,0.0,,
248,SENS_3446C8,2026-03-16 18:15:00+00:00,28.95,,33.5125,0.33,4.75,0.0,0.0,0.0,811.75,,0.0,9.3,87.0,994.7,17.3,215.0,100.0,,0.0,,
249,SENS_3446C8,2026-03-16 18:25:00+00:00,28.874,,33.629999999999995,0.33,4.4,0.0,0.0,0.0,815.4,,0.0,9.3,87.0,994.7,17.3,215.0,100.0,,0.0,,
250,SENS_3446C8,2026-03-16 18:45:00+00:00,28.87,,33.46,0.33,5.0,0.0,0.0,0.0,815.0,,0.0,9.1,89.0,994.8,17.5,209.0,100.0,,0.1,,
251,SENS_3446C8,2026-03-16 18:55:00+00:00,28.878,,33.476,0.33,4.4,0.0,0.0,0.0,853.2,,0.0,9.1,89.0,994.8,17.5,209.0,100.0,,0.1,,
252,SENS_3446C8,2026-03-16 19:05:00+00:00,28.89333333333333,,33.42666666666667,0.33,4.333333333333333,0.0,0.0,0.0,891.3333333333334,,0.0,9.1,89.0,994.8,17.5,209.0,100.0,,0.1,,
253,SENS_3446C8,2026-03-16 19:15:00+00:00,28.864000000000004,,33.424,0.33,4.4,0.0,0.0,0.0,929.0,,0.0,9.1,89.0,994.8,17.5,209.0,100.0,,0.1,,
254,SENS_3446C8,2026-03-16 19:25:00+00:00,28.794,,33.344,0.33,4.6,0.0,0.0,0.0,882.4,,0.0,9.1,89.0,994.8,17.5,209.0,100.0,,0.1,,
255,SENS_3446C8,2026-03-16 19:35:00+00:00,28.76,,33.215999999999994,0.33,4.4,0.0,0.0,0.0,873.2,,0.0,9.1,89.0,994.8,18.3,211.0,100.0,,0.0,,
256,SENS_3446C8,2026-03-16 19:45:00+00:00,28.756,,33.484,0.33,4.2,0.0,0.0,0.0,916.6,,0.0,9.1,89.0,994.8,18.3,211.0,100.0,,0.0,,
257,SENS_3446C8,2026-03-16 19:55:00+00:00,28.758,,33.588,0.33,4.0,0.0,0.0,0.0,914.8,,0.0,9.1,89.0,994.8,18.3,211.0,100.0,,0.0,,
258,SENS_3446C8,2026-03-16 20:15:00+00:00,28.602,,34.522,0.33,32.0,0.0,0.0,0.0,1092.6,,1.0,9.1,89.0,994.8,18.3,211.0,100.0,,0.0,,
259,SENS_3446C8,2026-03-16 20:25:00+00:00,28.85,,34.958,0.33,11.2,0.0,0.0,0.0,1403.2,,0.8,9.1,89.0,994.8,18.3,211.0,100.0,,0.0,,
260,SENS_3446C8,2026-03-16 20:35:00+00:00,28.912,,34.95,0.33,7.0,0.0,0.0,0.0,1409.8,,0.0,9.2,89.0,995.1,18.3,212.0,100.0,,0.0,,
261,SENS_3446C8,2026-03-16 20:45:00+00:00,29.354,,34.334,0.33,5.6,0.0,0.0,0.0,1443.4,,0.4,9.2,89.0,995.1,18.3,212.0,100.0,,0.0,,
262,SENS_3446C8,2026-03-16 20:55:00+00:00,29.036,,35.104,0.33,9.2,0.0,0.0,0.0,1388.4,,0.8,9.2,89.0,995.1,18.3,212.0,100.0,,0.0,,
263,SENS_3446C8,2026-03-16 21:10:00+00:00,29.0675,,35.0875,0.33,12.5,0.0,0.0,0.0,1404.75,,1.0,9.2,89.0,995.1,18.3,212.0,100.0,,0.0,,
264,SENS_3446C8,2026-03-16 21:20:00+00:00,29.014,,34.648,0.33,10.2,0.0,0.0,0.0,1258.4,,1.0,9.2,89.0,995.1,18.3,212.0,100.0,,0.0,,
265,SENS_3446C8,2026-03-16 21:40:00+00:00,29.012,,34.186,0.33,5.8,0.0,0.0,0.0,1129.4,,0.0,9.1,90.0,994.9,18.1,210.0,100.0,,0.0,,
266,SENS_3446C8,2026-03-16 21:50:00+00:00,29.054,,34.06400000000001,0.33,4.2,0.0,0.0,0.0,1137.0,,0.0,9.1,90.0,994.9,18.1,210.0,100.0,,0.0,,
267,SENS_3446C8,2026-03-16 22:00:00+00:00,29.036,,34.748000000000005,0.33,7.6,0.0,0.0,0.0,1205.2,,0.8,9.1,90.0,994.9,18.1,210.0,100.0,,0.0,,
268,SENS_3446C8,2026-03-16 22:10:00+00:00,29.008,,34.928000000000004,0.33,8.0,0.0,0.0,0.0,1181.6,,0.6,9.1,90.0,994.9,18.1,210.0,100.0,,0.0,,
269,SENS_3446C8,2026-03-16 22:20:00+00:00,28.962,,34.876,0.33,4.4,0.0,0.0,0.0,1158.8,,0.0,9.1,90.0,994.9,18.1,210.0,100.0,,0.0,,
270,SENS_3446C8,2026-03-16 22:30:00+00:00,28.962,,34.922000000000004,0.33,4.0,0.0,0.0,0.0,1179.0,,0.0,9.1,90.0,994.9,18.1,210.0,100.0,,0.0,,
271,SENS_3446C8,2026-03-16 22:40:00+00:00,28.968,,34.868,0.33,4.0,0.0,0.0,0.0,1185.0,,0.0,9.2,89.0,994.8,18.2,212.0,99.0,,0.0,,
272,SENS_3446C8,2026-03-16 23:00:00+00:00,28.978,,34.938,0.33,4.0,0.0,0.0,0.0,1219.0,,0.0,9.2,89.0,994.8,18.2,212.0,99.0,,0.0,,
273,SENS_3446C8,2026-03-16 23:10:00+00:00,28.97,,34.838,0.33,4.0,0.0,0.0,0.0,1197.8,,0.6,9.2,89.0,994.8,18.2,212.0,99.0,,0.0,,
274,SENS_3446C8,2026-03-16 23:20:00+00:00,28.96,,34.954,0.33,4.2,0.0,0.0,0.0,1182.4,,0.0,9.2,89.0,994.8,18.2,212.0,99.0,,0.0,,
275,SENS_3446C8,2026-03-16 23:30:00+00:00,28.976,,34.982000000000006,0.33,4.0,0.0,0.0,0.0,1197.4,,0.4,9.2,89.0,994.8,18.2,212.0,99.0,,0.0,,
276,SENS_3446C8,2026-03-16 23:45:00+00:00,28.97,,35.303999999999995,0.33,4.0,0.0,0.0,0.0,1190.8,,0.0,9.2,90.0,994.6,17.9,212.0,100.0,,0.0,,
277,SENS_3446C8,2026-03-16 23:55:00+00:00,28.97,,35.3,0.33,4.0,0.0,0.0,0.0,1213.0,,0.0,9.2,90.0,994.6,17.9,212.0,100.0,,0.0,,
278,SENS_3446C8,2026-03-17 00:05:00+00:00,28.982,,35.634,0.33,4.2,0.0,0.0,0.0,1251.6,,0.0,9.2,90.0,994.6,17.9,212.0,100.0,,0.0,,
279,SENS_3446C8,2026-03-17 00:15:00+00:00,29.022,,36.15,0.33,4.4,0.0,0.0,0.0,1313.8,,0.4,9.2,90.0,994.6,17.9,212.0,100.0,,0.0,,
280,SENS_3446C8,2026-03-17 00:25:00+00:00,29.074,,36.274,0.33,11.8,0.0,0.0,0.0,1302.4,,0.8,9.2,90.0,994.6,17.9,212.0,100.0,,0.0,,
281,SENS_3446C8,2026-03-17 00:35:00+00:00,29.102500000000003,,36.7525,0.33,4.25,0.0,0.0,0.0,1307.5,,0.0,9.2,90.0,994.6,18.4,215.0,100.0,,0.0,,
282,SENS_3446C8,2026-03-17 00:45:00+00:00,29.098000000000003,,36.566,0.33,4.2,0.0,0.0,0.0,1235.4,,0.0,9.2,90.0,994.6,18.4,215.0,100.0,,0.0,,
283,SENS_3446C8,2026-03-17 00:55:00+00:00,29.076,,36.55,0.33,4.4,0.0,0.0,0.0,1192.4,,0.0,9.2,90.0,994.6,18.4,215.0,100.0,,0.0,,
284,SENS_3446C8,2026-03-17 01:05:00+00:00,29.130000000000003,,36.554,0.33,4.4,0.0,0.0,0.0,1208.8,,0.4,9.2,90.0,994.6,18.4,215.0,100.0,,0.0,,
285,SENS_3446C8,2026-03-17 01:15:00+00:00,29.13,,36.37,0.33,23.5,0.0,0.0,0.0,1208.5,,1.0,9.2,90.0,994.6,18.4,215.0,100.0,,0.0,,
286,SENS_3446C8,2026-03-17 01:25:00+00:00,29.110000000000003,,36.286,0.33,4.2,0.0,0.0,0.0,1165.4,,0.2,9.2,90.0,994.6,18.4,215.0,100.0,,0.0,,
287,SENS_3446C8,2026-03-17 01:35:00+00:00,29.134,,36.266,0.33,37.8,0.0,0.0,0.0,1143.0,,1.0,9.3,90.0,994.2,18.0,213.0,100.0,,0.0,,
288,SENS_3446C8,2026-03-17 01:45:00+00:00,29.160000000000004,,36.258,0.33,5.4,0.0,0.0,0.0,1121.4,,0.4,9.3,90.0,994.2,18.0,213.0,100.0,,0.0,,
289,SENS_3446C8,2026-03-17 01:55:00+00:00,29.174,,36.312,0.33,4.0,0.0,0.0,0.0,1109.8,,0.0,9.3,90.0,994.2,18.0,213.0,100.0,,0.0,,
290,SENS_3446C8,2026-03-17 02:10:00+00:00,29.130000000000003,,35.954,0.33,4.2,0.0,0.0,0.0,1044.2,,0.0,9.3,90.0,994.2,18.0,213.0,100.0,,0.0,,
291,SENS_3446C8,2026-03-17 02:30:00+00:00,29.12,,35.336,0.33,5.0,0.0,0.0,0.0,1015.8,,0.0,9.3,90.0,994.2,18.0,213.0,100.0,,0.0,,
292,SENS_3446C8,2026-03-17 02:40:00+00:00,29.064,,35.11,0.33,5.2,0.0,0.0,0.0,958.0,,0.6,9.1,90.0,993.7,18.0,208.0,98.0,,0.0,,
293,SENS_3446C8,2026-03-17 02:50:00+00:00,29.062,,35.086,0.33,4.8,0.0,0.0,0.0,966.0,,0.0,9.1,90.0,993.7,18.0,208.0,98.0,,0.0,,
294,SENS_3446C8,2026-03-17 03:00:00+00:00,29.07,,34.798,0.33,5.0,0.0,0.0,0.0,931.2,,0.0,9.1,90.0,993.7,18.0,208.0,98.0,,0.0,,
295,SENS_3446C8,2026-03-17 03:10:00+00:00,29.01,,34.8,0.33,7.0,0.0,0.0,0.0,893.6,,0.6,9.1,90.0,993.7,18.0,208.0,98.0,,0.0,,
296,SENS_3446C8,2026-03-17 03:20:00+00:00,29.035,,34.765,0.33,4.0,0.0,0.0,0.0,917.5,,0.0,9.1,90.0,993.7,18.0,208.0,98.0,,0.0,,
297,SENS_3446C8,2026-03-17 03:30:00+00:00,29.062,,34.764,0.33,4.4,0.0,0.0,0.0,947.8,,0.6,9.1,90.0,993.7,18.0,208.0,98.0,,0.0,,
298,SENS_3446C8,2026-03-17 03:40:00+00:00,29.044,,35.232,0.33,4.0,0.0,0.0,0.0,1002.4,,0.2,8.6,92.0,993.7,17.8,202.0,100.0,,0.0,,
299,SENS_3446C8,2026-03-17 03:55:00+00:00,29.006,,34.588,0.33,4.0,0.0,0.0,0.0,947.4,,0.0,8.6,92.0,993.7,17.8,202.0,100.0,,0.0,,
300,SENS_3446C8,2026-03-17 04:05:00+00:00,28.97,,34.456,0.33,6.0,0.0,0.0,0.0,900.2,,0.2,8.6,92.0,993.7,17.8,202.0,100.0,,0.0,,
301,SENS_3446C8,2026-03-17 04:15:00+00:00,28.974,,34.328,0.33,4.0,0.0,0.0,0.0,874.4,,0.0,8.6,92.0,993.7,17.8,202.0,100.0,,0.0,,
302,SENS_3446C8,2026-03-17 04:25:00+00:00,28.96666666666667,,34.25666666666667,0.33,12.666666666666666,0.0,0.0,0.0,867.3333333333334,,1.0,8.6,92.0,993.7,17.8,202.0,100.0,,0.0,,
303,SENS_3446C8,2026-03-17 04:35:00+00:00,28.98,,34.47,0.33,8.0,0.0,0.0,0.0,934.0,,0.0,8.8,92.0,993.6,17.9,195.0,100.0,,0.0,,
304,SENS_3446C8,2026-03-17 04:45:00+00:00,28.9675,,34.01,0.33,3.5,0.0,0.0,0.0,844.0,,0.0,8.8,92.0,993.6,17.9,195.0,100.0,,0.0,,
305,SENS_3446C8,2026-03-17 04:55:00+00:00,28.942,,33.646,0.33,4.0,0.0,0.0,0.0,797.4,,0.0,8.8,92.0,993.6,17.9,195.0,100.0,,0.0,,
306,SENS_3446C8,2026-03-17 05:05:00+00:00,28.928,,33.436,0.33,4.8,0.0,0.0,0.0,784.8,,0.0,8.8,92.0,993.6,17.9,195.0,100.0,,0.0,,
307,SENS_3446C8,2026-03-17 05:15:00+00:00,28.908000000000005,,33.364,0.33,4.6,0.0,0.0,0.0,779.0,,0.0,8.8,92.0,993.6,17.9,195.0,100.0,,0.0,,
308,SENS_3446C8,2026-03-17 05:30:00+00:00,28.925,,33.3475,0.33,4.0,0.0,0.0,0.0,798.5,,0.0,8.8,92.0,993.6,17.9,195.0,100.0,,0.0,,
309,SENS_3446C8,2026-03-17 05:40:00+00:00,28.928,,33.254,0.33,4.2,0.0,0.0,0.0,806.0,,0.0,8.8,92.0,993.7,18.0,198.0,100.0,,0.0,,
310,SENS_3446C8,2026-03-17 06:10:00+00:00,28.972,,33.25600000000001,0.33,4.8,0.0,0.0,0.0,861.6,,0.4,8.8,92.0,993.7,18.0,198.0,100.0,,0.0,,
311,SENS_3446C8,2026-03-17 06:20:00+00:00,28.914,,33.416000000000004,0.33,3.8,0.0,0.0,0.0,767.6,,0.2,8.8,92.0,993.7,18.0,198.0,100.0,,0.0,,
312,SENS_3446C8,2026-03-17 06:30:00+00:00,28.894,,32.902,0.33,4.0,0.0,0.0,0.0,606.8,,0.0,8.8,92.0,993.7,18.0,198.0,100.0,,0.0,,
313,SENS_3446C8,2026-03-17 06:40:00+00:00,28.916,,33.038,0.33,3.6,0.0,0.0,0.0,662.8,,0.0,8.7,91.0,993.7,17.2,200.0,100.0,,0.0,,
314,SENS_3446C8,2026-03-17 07:05:00+00:00,28.954,,33.126,0.33,4.0,0.0,0.0,0.0,756.8,,0.0,8.7,91.0,993.7,17.2,200.0,100.0,,0.0,,
315,SENS_3446C8,2026-03-17 07:15:00+00:00,28.95800000000001,,33.47,0.33,3.6,0.0,0.0,0.0,760.8,,0.0,8.7,91.0,993.7,17.2,200.0,100.0,,0.0,,
316,SENS_3446C8,2026-03-17 07:25:00+00:00,28.964,,33.49399999999999,0.33,3.8,0.0,0.0,0.0,756.8,,0.0,8.7,91.0,993.7,17.2,200.0,100.0,,0.0,,
317,SENS_3446C8,2026-03-17 07:35:00+00:00,28.972,,33.556,0.33,3.8,0.0,0.0,0.0,852.2,,0.0,8.9,86.0,993.9,18.2,197.0,100.0,,0.0,,
318,SENS_3446C8,2026-03-17 07:45:00+00:00,28.938,,33.5,0.33,3.8,0.0,0.0,0.0,842.2,,0.0,8.9,86.0,993.9,18.2,197.0,100.0,,0.0,,
319,SENS_3446C8,2026-03-17 07:55:00+00:00,28.924,,33.448,0.33,4.0,0.0,0.0,0.0,765.8,,0.0,8.9,86.0,993.9,18.2,197.0,100.0,,0.0,,
320,SENS_3446C8,2026-03-17 08:20:00+00:00,28.902000000000005,,33.452,0.33,3.6,0.0,0.0,0.0,644.0,,0.0,8.9,86.0,993.9,18.2,197.0,100.0,,0.0,,
321,SENS_3446C8,2026-03-17 08:30:00+00:00,28.892000000000003,,33.42,0.33,3.4,0.0,0.0,0.0,615.8,,0.0,8.9,86.0,993.9,18.2,197.0,100.0,,0.0,,
322,SENS_3446C8,2026-03-17 08:40:00+00:00,28.902,,33.372,0.33,3.6,0.0,0.0,0.0,625.6,,0.0,9.2,83.0,994.1,23.1,195.0,77.0,,0.0,,
323,SENS_3446C8,2026-03-17 08:50:00+00:00,28.860000000000003,,33.209999999999994,0.33,3.8,0.0,0.0,0.0,638.4,,0.0,9.2,83.0,994.1,23.1,195.0,77.0,,0.0,,
324,SENS_3446C8,2026-03-17 09:00:00+00:00,28.829999999999995,,33.00999999999999,0.33,3.6,0.0,0.0,0.0,596.4,,0.0,9.2,83.0,994.1,23.1,195.0,77.0,,0.0,,
325,SENS_3446C8,2026-03-17 09:15:00+00:00,28.809999999999995,,32.69,0.33,3.6,0.0,0.0,0.0,566.0,,0.0,9.2,83.0,994.1,23.1,195.0,77.0,,0.0,,
326,SENS_3446C8,2026-03-17 09:25:00+00:00,28.79,,32.425,0.33,4.0,0.0,0.0,0.0,539.25,,0.0,9.2,83.0,994.1,23.1,195.0,77.0,,0.0,,
327,SENS_3446C8,2026-03-17 09:45:00+00:00,28.7,,31.7675,0.33,3.5,0.0,0.0,0.0,480.5,,0.0,10.5,74.0,994.1,22.4,195.0,53.0,,0.0,,
328,SENS_3446C8,2026-03-17 09:55:00+00:00,28.674,,31.688,0.33,4.0,0.0,0.0,0.0,468.2,,0.0,10.5,74.0,994.1,22.4,195.0,53.0,,0.0,,
329,SENS_3446C8,2026-03-17 10:05:00+00:00,28.654,,31.43,0.33,4.2,0.0,0.0,0.0,460.6,,0.0,10.5,74.0,994.1,22.4,195.0,53.0,,0.0,,
330,SENS_3446C8,2026-03-17 10:15:00+00:00,28.636000000000003,,31.488,0.33,3.8,0.0,0.0,0.0,456.4,,0.0,10.5,74.0,994.1,22.4,195.0,53.0,,0.0,,
331,SENS_3446C8,2026-03-17 10:25:00+00:00,28.596,,31.410000000000004,0.33,3.6,0.0,0.0,0.0,443.8,,0.0,10.5,74.0,994.1,22.4,195.0,53.0,,0.0,,
332,SENS_3446C8,2026-03-17 10:35:00+00:00,28.6,,31.51,0.33,3.0,0.0,0.0,0.0,446.0,,1.0,11.7,70.0,994.0,20.0,191.0,17.0,,0.0,,
333,SENS_3446C8,2026-03-17 10:55:00+00:00,28.582000000000004,,31.398,0.33,3.6,0.0,0.0,0.0,444.2,,0.0,11.7,70.0,994.0,20.0,191.0,17.0,,0.0,,
334,SENS_3446C8,2026-03-17 11:05:00+00:00,28.570000000000004,,31.406666666666663,0.33,3.333333333333333,0.0,0.0,0.0,438.6666666666667,,0.0,11.7,70.0,994.0,20.0,191.0,17.0,,0.0,,
335,SENS_3446C8,2026-03-17 11:15:00+00:00,28.55,,31.364,0.33,4.2,0.0,0.0,0.0,438.4,,0.0,11.7,70.0,994.0,20.0,191.0,17.0,,0.0,,
336,SENS_3446C8,2026-03-17 11:25:00+00:00,28.53,,31.454,0.33,4.0,0.0,0.0,0.0,460.4,,0.0,11.7,70.0,994.0,20.0,191.0,17.0,,0.0,,
337,SENS_3446C8,2026-03-17 11:35:00+00:00,28.518,,31.396000000000004,0.33,3.8,0.0,0.0,0.0,451.0,,0.0,12.6,70.0,994.0,17.3,185.0,4.0,,0.0,,
338,SENS_3446C8,2026-03-17 11:45:00+00:00,28.496,,31.392,0.33,3.6,0.0,0.0,0.0,457.2,,0.0,12.6,70.0,994.0,17.3,185.0,4.0,,0.0,,
339,SENS_3446C8,2026-03-17 11:55:00+00:00,28.475,,31.3025,0.33,3.75,0.0,0.0,0.0,446.75,,0.0,12.6,70.0,994.0,17.3,185.0,4.0,,0.0,,
340,SENS_3446C8,2026-03-17 12:15:00+00:00,28.45,,31.174,0.33,3.8,0.0,0.0,0.0,450.0,,0.0,12.6,70.0,994.0,17.3,185.0,4.0,,0.0,,
341,SENS_3446C8,2026-03-17 12:25:00+00:00,28.438,,31.15,0.33,4.0,0.0,0.0,0.0,455.6,,0.0,12.6,70.0,994.0,17.3,185.0,4.0,,0.0,,
342,SENS_3446C8,2026-03-17 12:35:00+00:00,28.436,,30.99,0.33,4.0,0.0,0.0,0.0,427.8,,0.0,13.3,67.0,993.6,17.3,182.0,2.0,,0.0,,
343,SENS_3446C8,2026-03-17 12:45:00+00:00,28.508000000000003,,30.058,0.33,3.8,0.0,0.0,0.0,451.6,,0.0,13.3,67.0,993.6,17.3,182.0,2.0,,0.0,,
344,SENS_3446C8,2026-03-17 12:55:00+00:00,28.506,,29.94,0.33,3.8,0.0,0.0,0.0,444.0,,0.0,13.3,67.0,993.6,17.3,182.0,2.0,,0.0,,
345,SENS_3446C8,2026-03-17 13:05:00+00:00,28.528,,30.416000000000004,0.33,3.4,0.0,0.0,0.0,462.2,,0.0,13.3,67.0,993.6,17.3,182.0,2.0,,0.0,,
346,SENS_3446C8,2026-03-17 13:25:00+00:00,28.6275,,30.450000000000003,0.33,4.0,0.0,0.0,0.0,470.75,,0.0,13.3,67.0,993.6,17.3,182.0,2.0,,0.0,,
347,SENS_3446C8,2026-03-17 13:35:00+00:00,28.688,,30.076,0.33,4.0,0.0,0.0,0.0,493.0,,0.0,13.9,65.0,993.1,17.5,179.0,1.0,,0.0,,
348,SENS_3446C8,2026-03-17 13:50:00+00:00,28.73,,29.816000000000003,0.33,3.8,0.0,0.0,0.0,501.4,,0.0,13.9,65.0,993.1,17.5,179.0,1.0,,0.0,,
349,SENS_3446C8,2026-03-17 14:00:00+00:00,28.772,,29.454,0.33,3.4,0.0,0.0,0.0,491.6,,0.0,13.9,65.0,993.1,17.5,179.0,1.0,,0.0,,
350,SENS_3446C8,2026-03-17 14:10:00+00:00,28.8,,30.31,0.33,3.8,0.0,0.0,0.0,475.0,,0.0,13.9,65.0,993.1,17.5,179.0,1.0,,0.0,,
351,SENS_3446C8,2026-03-17 14:20:00+00:00,28.841999999999995,,30.74,0.33,3.4,0.0,0.0,0.0,461.4,,0.0,13.9,65.0,993.1,17.5,179.0,1.0,,0.0,,
352,SENS_3446C8,2026-03-17 14:30:00+00:00,28.9,,30.852,0.33,3.4,0.0,0.0,0.0,451.8,,0.0,13.9,65.0,993.1,17.5,179.0,1.0,,0.0,,
353,SENS_3446C8,2026-03-17 14:40:00+00:00,28.886000000000003,,29.602,0.33,3.8,0.0,0.0,0.0,458.2,,0.0,14.1,66.0,992.6,18.2,177.0,0.0,,0.0,,
354,SENS_3446C8,2026-03-17 14:50:00+00:00,28.882,,30.130000000000003,0.33,3.4,0.0,0.0,0.0,450.2,,0.0,14.1,66.0,992.6,18.2,177.0,0.0,,0.0,,
355,SENS_3446C8,2026-03-17 15:10:00+00:00,28.928000000000004,,30.78,0.33,4.0,0.0,0.0,0.0,436.0,,0.0,14.1,66.0,992.6,18.2,177.0,0.0,,0.0,,
356,SENS_3446C8,2026-03-17 15:20:00+00:00,28.934000000000005,,31.008,0.33,3.8,0.0,0.0,0.0,435.6,,0.0,14.1,66.0,992.6,18.2,177.0,0.0,,0.0,,
357,SENS_3446C8,2026-03-17 15:30:00+00:00,28.96,,31.226,0.33,4.0,0.0,0.0,0.0,431.8,,0.0,14.1,66.0,992.6,18.2,177.0,0.0,,0.0,,
358,SENS_3446C8,2026-03-17 15:40:00+00:00,29.0,,31.048,0.33,4.0,0.0,0.0,0.0,431.2,,0.0,13.8,68.0,992.6,18.2,179.0,7.0,,0.0,,
359,SENS_3446C8,2026-03-17 15:50:00+00:00,29.025,,31.425,0.33,4.0,0.0,0.0,0.0,429.5,,0.0,13.8,68.0,992.6,18.2,179.0,7.0,,0.0,,
360,SENS_3446C8,2026-03-17 16:00:00+00:00,29.052,,31.820000000000004,0.33,3.8,0.0,0.0,0.0,429.4,,0.0,13.8,68.0,992.6,18.2,179.0,7.0,,0.0,,
361,SENS_3446C8,2026-03-17 16:10:00+00:00,29.086,,32.010000000000005,0.33,3.8,0.0,0.0,0.0,437.8,,0.0,13.8,68.0,992.6,18.2,179.0,7.0,,0.0,,
362,SENS_3446C8,2026-03-17 16:20:00+00:00,29.108,,31.876,0.33,3.6,0.0,0.0,0.0,439.0,,0.0,13.8,68.0,992.6,18.2,179.0,7.0,,0.0,,
363,SENS_3446C8,2026-03-17 16:30:00+00:00,29.138,,31.722,0.33,3.4,0.0,0.0,0.0,436.0,,0.0,13.8,68.0,992.6,18.2,179.0,7.0,,0.0,,
364,SENS_3446C8,2026-03-17 16:45:00+00:00,29.184000000000005,,31.31,0.33,3.6,0.0,0.0,0.0,467.6,,0.0,12.9,72.0,992.9,17.3,185.0,2.0,,0.0,,
365,SENS_3446C8,2026-03-17 16:55:00+00:00,29.192,,30.905999999999995,0.33,3.2,0.0,0.0,0.0,480.8,,0.0,12.9,72.0,992.9,17.3,185.0,2.0,,0.0,,
366,SENS_3446C8,2026-03-17 17:05:00+00:00,29.2,,30.95800000000001,0.33,3.6,0.0,0.0,0.0,479.2,,0.0,12.9,72.0,992.9,17.3,185.0,2.0,,0.0,,
367,SENS_3446C8,2026-03-17 17:15:00+00:00,29.26666666666667,,30.686666666666667,0.33,3.6666666666666665,0.0,0.0,0.0,484.0,,0.0,12.9,72.0,992.9,17.3,185.0,2.0,,0.0,,
368,SENS_3446C8,2026-03-17 17:25:00+00:00,29.298,,30.898000000000003,0.33,4.0,0.0,0.0,0.0,514.8,,0.0,12.9,72.0,992.9,17.3,185.0,2.0,,0.0,,
369,SENS_3446C8,2026-03-17 17:35:00+00:00,29.328,,31.18,0.33,3.8,0.0,0.0,0.0,524.2,,0.0,11.9,73.0,993.2,15.3,183.0,0.0,,0.0,,
370,SENS_3446C8,2026-03-17 17:45:00+00:00,29.362,,31.258,0.33,3.2,0.0,0.0,0.0,539.0,,0.0,11.9,73.0,993.2,15.3,183.0,0.0,,0.0,,
371,SENS_3446C8,2026-03-17 17:55:00+00:00,29.398000000000003,,31.358,0.33,3.6,0.0,0.0,0.0,566.2,,0.0,11.9,73.0,993.2,15.3,183.0,0.0,,0.0,,
372,SENS_3446C8,2026-03-17 18:05:00+00:00,29.435,,31.35,0.33,3.5,0.0,0.0,0.0,610.0,,0.0,11.9,73.0,993.2,15.3,183.0,0.0,,0.0,,
373,SENS_3446C8,2026-03-17 18:15:00+00:00,29.46,,31.212,0.33,3.6,0.0,0.0,0.0,567.8,,0.0,11.9,73.0,993.2,15.3,183.0,0.0,,0.0,,
374,SENS_3446C8,2026-03-17 18:25:00+00:00,29.462,,31.380000000000003,0.33,3.6,0.0,0.0,0.0,509.0,,0.0,11.9,73.0,993.2,15.3,183.0,0.0,,0.0,,
375,SENS_3446C8,2026-03-17 18:35:00+00:00,29.496666666666663,,31.26,0.33,4.0,0.0,0.0,0.0,478.3333333333333,,0.0,10.6,77.0,993.9,15.4,185.0,0.0,,0.0,,
376,SENS_3446C8,2026-03-17 18:45:00+00:00,29.504,,31.186,0.33,3.6,0.0,0.0,0.0,520.6,,0.0,10.6,77.0,993.9,15.4,185.0,0.0,,0.0,,
377,SENS_3446C8,2026-03-17 19:00:00+00:00,29.52,,31.0875,0.33,3.25,0.0,0.0,0.0,613.75,,0.0,10.6,77.0,993.9,15.4,185.0,0.0,,0.0,,
378,SENS_3446C8,2026-03-17 19:10:00+00:00,29.5275,,31.105,0.33,3.5,0.0,0.0,0.0,633.0,,0.0,10.6,77.0,993.9,15.4,185.0,0.0,,0.0,,
379,SENS_3446C8,2026-03-17 19:20:00+00:00,29.522,,31.174,0.33,3.2,0.0,0.0,0.0,592.0,,0.0,10.6,77.0,993.9,15.4,185.0,0.0,,0.0,,
380,SENS_3446C8,2026-03-17 19:30:00+00:00,29.546,,31.26,0.33,3.6,0.0,0.0,0.0,617.6,,0.0,10.6,77.0,993.9,15.4,185.0,0.0,,0.0,,
381,SENS_3446C8,2026-03-17 19:50:00+00:00,29.545,,31.42,0.33,3.5,0.0,0.0,0.0,566.75,,0.0,9.9,78.0,994.5,15.4,191.0,0.0,,0.0,,
382,SENS_3446C8,2026-03-17 20:00:00+00:00,29.55333333333333,,31.40333333333333,0.33,3.6666666666666665,0.0,0.0,0.0,566.3333333333334,,0.0,9.9,78.0,994.5,15.4,191.0,0.0,,0.0,,
383,SENS_3446C8,2026-03-18 07:10:00+00:00,28.938,,29.354000000000003,0.33,3.0,0.0,0.0,0.0,696.8,,0.0,5.9,94.0,999.3,5.1,82.0,0.0,,0.0,,
384,SENS_3446C8,2026-03-18 07:35:00+00:00,28.886666666666667,,30.64,0.33,3.0,0.0,0.0,0.0,841.6666666666666,,0.0,7.3,93.0,1000.2,7.7,81.0,0.0,,0.0,,
385,SENS_3446C8,2026-03-18 07:45:00+00:00,29.0725,,31.020000000000003,0.33,3.0,0.0,0.0,0.0,885.0,,0.0,7.3,93.0,1000.2,7.7,81.0,0.0,,0.0,,
386,SENS_3446C8,2026-03-18 07:55:00+00:00,29.056,,30.848000000000003,0.33,3.0,0.0,0.0,0.0,744.4,,0.0,7.3,93.0,1000.2,7.7,81.0,0.0,,0.0,,
387,SENS_3446C8,2026-03-18 08:05:00+00:00,28.96400000000001,,31.002,0.33,3.0,0.0,0.0,0.0,749.2,,0.0,7.3,93.0,1000.2,7.7,81.0,0.0,,0.0,,
388,SENS_3446C8,2026-03-18 08:15:00+00:00,28.953333333333333,,31.27,0.33,3.0,0.0,0.0,0.0,756.6666666666666,,0.0,7.3,93.0,1000.2,7.7,81.0,0.0,,0.0,,
389,SENS_3446C8,2026-03-18 08:30:00+00:00,29.056,,32.194,0.33,3.0,0.0,0.0,0.0,846.6,,0.0,7.3,93.0,1000.2,7.7,81.0,0.0,,0.0,,
390,SENS_3446C8,2026-03-18 09:00:00+00:00,28.89,,31.01,0.33,3.0,0.0,0.0,0.0,594.0,,0.0,9.4,88.0,1001.0,7.0,93.0,0.0,,0.0,,
391,SENS_3446C8,2026-03-18 09:10:00+00:00,28.81,,30.74,0.33,3.0,0.0,0.0,0.0,564.25,,0.0,9.4,88.0,1001.0,7.0,93.0,0.0,,0.0,,
392,SENS_3446C8,2026-03-18 09:20:00+00:00,28.822,,31.204,0.33,2.8,0.0,0.0,0.0,614.4,,0.0,9.4,88.0,1001.0,7.0,93.0,0.0,,0.0,,
393,SENS_3446C8,2026-03-18 09:30:00+00:00,28.972,,31.458,0.33,4.2,0.0,0.0,0.0,727.6,,0.4,9.4,88.0,1001.0,7.0,93.0,0.0,,0.0,,
394,SENS_3446C8,2026-03-18 09:40:00+00:00,28.96,,31.256,0.33,3.0,0.0,0.0,0.0,716.0,,0.0,11.5,81.0,1001.5,7.8,112.0,0.0,,0.0,,
395,SENS_3446C8,2026-03-18 10:05:00+00:00,29.08,,31.498,0.33,2.8,0.0,0.0,0.0,717.6,,0.0,11.5,81.0,1001.5,7.8,112.0,0.0,,0.0,,
396,SENS_3446C8,2026-03-18 10:15:00+00:00,29.091999999999995,,31.386000000000003,0.33,3.0,0.0,0.0,0.0,663.8,,0.0,11.5,81.0,1001.5,7.8,112.0,0.0,,0.0,,
397,SENS_3446C8,2026-03-18 10:25:00+00:00,29.142000000000003,,31.532,0.33,3.0,0.0,0.0,0.0,672.0,,0.0,11.5,81.0,1001.5,7.8,112.0,0.0,,0.0,,
398,SENS_3446C8,2026-03-18 10:35:00+00:00,29.204,,31.57,0.33,3.8,0.0,0.0,0.0,669.8,,0.0,13.2,76.0,1001.8,8.1,127.0,0.0,,0.0,,
399,SENS_3446C8,2026-03-18 10:45:00+00:00,29.218,,31.454,0.33,4.8,0.0,0.0,0.0,639.4,,0.0,13.2,76.0,1001.8,8.1,127.0,0.0,,0.0,,
400,SENS_3446C8,2026-03-18 10:55:00+00:00,29.236,,31.35,0.33,3.4,0.0,0.0,0.0,609.0,,0.6,13.2,76.0,1001.8,8.1,127.0,0.0,,0.0,,
401,SENS_3446C8,2026-03-18 11:05:00+00:00,29.24666666666667,,31.11,0.33,3.0,0.0,0.0,0.0,576.3333333333334,,0.0,13.2,76.0,1001.8,8.1,127.0,0.0,,0.0,,
402,SENS_3446C8,2026-03-18 11:15:00+00:00,29.28,,31.25,0.33,3.0,0.0,0.0,0.0,601.0,,0.0,13.2,76.0,1001.8,8.1,127.0,0.0,,0.0,,
403,SENS_3446C8,2026-03-18 11:25:00+00:00,29.2925,,31.1275,0.33,3.0,0.0,0.0,0.0,622.25,,0.0,13.2,76.0,1001.8,8.1,127.0,0.0,,0.0,,
404,SENS_3446C8,2026-03-18 11:35:00+00:00,29.3,,31.074,0.33,3.0,0.0,0.0,0.0,600.4,,0.0,15.1,69.0,1002.1,7.9,129.0,0.0,,0.0,,
405,SENS_3446C8,2026-03-18 11:45:00+00:00,29.3,,31.014,0.33,3.0,0.0,0.0,0.0,576.0,,0.0,15.1,69.0,1002.1,7.9,129.0,0.0,,0.0,,
406,SENS_3446C8,2026-03-18 11:55:00+00:00,29.294,,30.94,0.33,3.0,0.0,0.0,0.0,558.6,,0.0,15.1,69.0,1002.1,7.9,129.0,0.0,,0.0,,
407,SENS_3446C8,2026-03-18 12:05:00+00:00,29.296,,30.98,0.33,3.0,0.0,0.0,0.0,664.4,,0.2,15.1,69.0,1002.1,7.9,129.0,0.0,,0.0,,
408,SENS_3446C8,2026-03-18 12:15:00+00:00,29.3,,30.95,0.33,3.0,0.0,0.0,0.0,595.6,,0.0,15.1,69.0,1002.1,7.9,129.0,0.0,,0.0,,
409,SENS_3446C8,2026-03-18 12:25:00+00:00,29.315999999999995,,30.966,0.33,2.8,0.0,0.0,0.0,571.2,,0.0,15.1,69.0,1002.1,7.9,129.0,0.0,,0.0,,
410,SENS_3446C8,2026-03-18 12:45:00+00:00,29.352,,30.934000000000005,0.33,3.0,0.0,0.0,0.0,565.2,,0.0,16.5,64.0,1002.1,8.4,133.0,0.0,,0.0,,
411,SENS_3446C8,2026-03-18 12:55:00+00:00,29.338,,30.94,0.33,3.0,0.0,0.0,0.0,546.2,,0.0,16.5,64.0,1002.1,8.4,133.0,0.0,,0.0,,
412,SENS_3446C8,2026-03-18 13:05:00+00:00,29.35,,30.972,0.33,3.0,0.0,0.0,0.0,545.6,,0.0,16.5,64.0,1002.1,8.4,133.0,0.0,,0.0,,
413,SENS_3446C8,2026-03-18 13:15:00+00:00,29.380000000000003,,31.086,0.33,2.8,0.0,0.0,0.0,539.8,,0.0,16.5,64.0,1002.1,8.4,133.0,0.0,,0.0,,
414,SENS_3446C8,2026-03-18 13:30:00+00:00,29.424,,31.252,0.33,3.0,0.0,0.0,0.0,555.6,,0.0,16.5,64.0,1002.1,8.4,133.0,0.0,,0.0,,
415,SENS_3446C8,2026-03-18 13:50:00+00:00,29.48,,31.396,0.33,3.0,0.0,0.0,0.0,557.2,,0.0,17.1,62.0,1002.2,8.9,132.0,0.0,,0.0,,
416,SENS_3446C8,2026-03-18 14:00:00+00:00,29.472,,31.368,0.33,3.0,0.0,0.0,0.0,566.6,,0.0,17.1,62.0,1002.2,8.9,132.0,0.0,,0.0,,
417,SENS_3446C8,2026-03-18 14:10:00+00:00,29.496,,31.49,0.33,3.2,0.0,0.0,0.0,623.0,,0.0,17.1,62.0,1002.2,8.9,132.0,0.0,,0.0,,
418,SENS_3446C8,2026-03-18 14:20:00+00:00,29.512,,31.380000000000003,0.33,4.2,0.0,0.0,0.0,595.0,,0.0,17.1,62.0,1002.2,8.9,132.0,0.0,,0.0,,
419,SENS_3446C8,2026-03-18 14:30:00+00:00,29.493999999999996,,31.26,0.33,3.0,0.0,0.0,0.0,574.4,,0.0,17.1,62.0,1002.2,8.9,132.0,0.0,,0.0,,
420,SENS_3446C8,2026-03-18 14:50:00+00:00,29.54,,31.392,0.33,3.0,0.0,0.0,0.0,619.0,,0.0,17.3,61.0,1002.4,10.1,123.0,13.0,,0.0,,
421,SENS_3446C8,2026-03-18 15:00:00+00:00,29.57,,31.52,0.33,2.8,0.0,0.0,0.0,638.4,,0.0,17.3,61.0,1002.4,10.1,123.0,13.0,,0.0,,
422,SENS_3446C8,2026-03-18 15:10:00+00:00,29.588,,31.632,0.33,3.0,0.0,0.0,0.0,636.4,,0.2,17.3,61.0,1002.4,10.1,123.0,13.0,,0.0,,
423,SENS_3446C8,2026-03-18 15:20:00+00:00,29.578,,31.548,0.33,2.8,0.0,0.0,0.0,641.4,,0.0,17.3,61.0,1002.4,10.1,123.0,13.0,,0.0,,
424,SENS_3446C8,2026-03-18 15:30:00+00:00,29.58,,31.3,0.33,3.0,0.0,0.0,0.0,622.0,,0.0,17.3,61.0,1002.4,10.1,123.0,13.0,,0.0,,
425,SENS_3446C8,2026-03-18 15:40:00+00:00,29.565,,31.215,0.33,3.0,0.0,0.0,0.0,599.5,,0.0,17.1,61.0,1002.7,9.6,118.0,32.0,,0.0,,
426,SENS_3446C8,2026-03-18 15:55:00+00:00,29.642000000000003,,31.362,0.33,3.0,0.0,0.0,0.0,596.6,,0.0,17.1,61.0,1002.7,9.6,118.0,32.0,,0.0,,
427,SENS_3446C8,2026-03-18 16:05:00+00:00,29.634000000000004,,31.291999999999994,0.33,3.6,0.0,0.0,0.0,568.8,,0.2,17.1,61.0,1002.7,9.6,118.0,32.0,,0.0,,
428,SENS_3446C8,2026-03-18 16:15:00+00:00,29.62,,31.238,0.33,3.0,0.0,0.0,0.0,545.6,,0.0,17.1,61.0,1002.7,9.6,118.0,32.0,,0.0,,
429,SENS_3446C8,2026-03-18 16:25:00+00:00,29.642000000000003,,31.286,0.33,2.8,0.0,0.0,0.0,551.8,,0.0,17.1,61.0,1002.7,9.6,118.0,32.0,,0.0,,
430,SENS_3446C8,2026-03-18 16:35:00+00:00,29.658,,31.324,0.33,2.8,0.0,0.0,0.0,589.8,,0.0,16.4,66.0,1003.3,7.2,103.0,30.0,,0.0,,
431,SENS_3446C8,2026-03-18 16:45:00+00:00,29.700000000000003,,31.460000000000004,0.33,3.333333333333333,0.0,0.0,0.0,654.0,,0.0,16.4,66.0,1003.3,7.2,103.0,30.0,,0.0,,
432,SENS_3446C8,2026-03-18 17:05:00+00:00,29.736666666666665,,31.74,0.33,3.333333333333333,0.0,0.0,0.0,690.6666666666666,,0.0,16.4,66.0,1003.3,7.2,103.0,30.0,,0.0,,
433,SENS_3446C8,2026-03-18 17:15:00+00:00,29.792,,31.992,0.33,3.0,0.0,0.0,0.0,726.0,,0.0,16.4,66.0,1003.3,7.2,103.0,30.0,,0.0,,
434,SENS_3446C8,2026-03-18 17:25:00+00:00,29.794,,31.992,0.33,2.6,0.0,0.0,0.0,694.0,,0.0,16.4,66.0,1003.3,7.2,103.0,30.0,,0.0,,
435,SENS_3446C8,2026-03-18 17:35:00+00:00,29.8575,,32.0475,0.33,3.0,0.0,0.0,0.0,731.0,,0.0,14.9,69.0,1003.6,6.9,81.0,34.0,,0.0,,
436,SENS_3446C8,2026-03-18 17:45:00+00:00,29.410000000000004,,31.282,0.66,3.0,0.0,0.0,0.0,615.0,,0.0,14.9,69.0,1003.6,6.9,81.0,34.0,,0.0,,
437,SENS_3446C8,2026-03-18 17:55:00+00:00,29.324,,32.214000000000006,0.66,3.0,0.0,0.0,0.0,709.8,,0.0,14.9,69.0,1003.6,6.9,81.0,34.0,,0.0,,
438,SENS_3446C8,2026-03-18 18:10:00+00:00,29.305,,31.735,0.66,3.0,0.0,0.0,0.0,741.25,,0.0,14.9,69.0,1003.6,6.9,81.0,34.0,,0.0,,
439,SENS_3446C8,2026-03-18 18:20:00+00:00,29.27,,32.30800000000001,0.66,3.0,0.0,0.0,0.0,787.0,,0.0,14.9,69.0,1003.6,6.9,81.0,34.0,,0.0,,
440,SENS_3446C8,2026-03-18 18:30:00+00:00,29.312,,32.10600000000001,0.66,3.2,0.0,0.0,0.0,768.4,,0.0,14.9,69.0,1003.6,6.9,81.0,34.0,,0.0,,
441,SENS_3446C8,2026-03-18 18:40:00+00:00,29.12,,32.13,0.66,3.0,0.0,0.0,0.0,711.75,,0.0,13.9,72.0,1004.2,8.3,86.0,5.0,,0.0,,
442,SENS_3446C8,2026-03-18 18:50:00+00:00,29.334,,32.018,0.66,3.0,0.0,0.0,0.0,746.0,,0.0,13.9,72.0,1004.2,8.3,86.0,5.0,,0.0,,
443,SENS_3446C8,2026-03-18 19:00:00+00:00,29.1125,,31.625,0.66,3.0,0.0,0.0,0.0,710.0,,0.0,13.9,72.0,1004.2,8.3,86.0,5.0,,0.0,,
444,SENS_3446C8,2026-03-18 19:10:00+00:00,29.11,,31.86,0.66,3.0,0.0,0.0,0.0,715.0,,0.0,13.9,72.0,1004.2,8.3,86.0,5.0,,0.0,,
445,SENS_3446C8,2026-03-18 19:30:00+00:00,29.028,,31.282,0.66,3.0,0.0,0.0,0.0,649.2,,0.0,13.9,72.0,1004.2,8.3,86.0,5.0,,0.0,,
446,SENS_3446C8,2026-03-18 19:40:00+00:00,29.002,,31.286,0.66,3.0,0.0,0.0,0.0,639.2,,0.0,13.0,75.0,1005.0,10.3,101.0,0.0,,0.0,,
447,SENS_3446C8,2026-03-18 19:55:00+00:00,29.03,,31.5625,0.66,3.0,0.0,0.0,0.0,655.5,,0.0,13.0,75.0,1005.0,10.3,101.0,0.0,,0.0,,
448,SENS_3446C8,2026-03-18 20:05:00+00:00,29.028,,31.166,0.66,8.4,0.0,0.0,0.0,659.8,,0.2,13.0,75.0,1005.0,10.3,101.0,0.0,,0.0,,
449,SENS_3446C8,2026-03-18 20:15:00+00:00,29.058,,31.136000000000003,0.33,5.2,0.0,0.0,0.0,771.8,,0.8,13.0,75.0,1005.0,10.3,101.0,0.0,,0.0,,
450,SENS_3446C8,2026-03-18 20:25:00+00:00,29.042,,31.852,0.33,4.0,0.0,0.0,0.0,879.6,,0.0,13.0,75.0,1005.0,10.3,101.0,0.0,,0.0,,
451,SENS_3446C8,2026-03-18 20:35:00+00:00,29.6,,31.294,0.33,25.6,0.0,0.0,0.0,956.4,,0.8,11.7,76.0,1005.6,10.6,109.0,5.0,,0.0,,
452,SENS_3446C8,2026-03-18 20:45:00+00:00,30.368,,30.584000000000003,0.728,27.0,0.0,0.0,0.0,1208.6,,1.0,11.7,76.0,1005.6,10.6,109.0,5.0,,0.0,,
453,SENS_3446C8,2026-03-18 20:55:00+00:00,28.56,,33.964,0.66,6.0,0.0,0.0,0.0,1412.4,,0.0,11.7,76.0,1005.6,10.6,109.0,5.0,,0.0,,
454,SENS_3446C8,2026-03-18 21:05:00+00:00,28.37,,33.95,0.66,5.6,0.0,0.0,0.0,1404.2,,0.0,11.7,76.0,1005.6,10.6,109.0,5.0,,0.0,,
455,SENS_3446C8,2026-03-18 21:15:00+00:00,28.317999999999994,,33.958,0.66,5.8,0.0,0.0,0.0,1400.6,,0.0,11.7,76.0,1005.6,10.6,109.0,5.0,,0.0,,
456,SENS_3446C8,2026-03-18 21:40:00+00:00,28.47,,34.483999999999995,0.66,7.4,0.0,0.0,0.0,1490.2,,0.0,10.4,70.0,1006.3,9.7,112.0,41.0,,0.0,,
457,SENS_3446C8,2026-03-18 21:50:00+00:00,28.494000000000007,,34.612,0.66,8.4,0.0,0.0,0.0,1471.8,,0.8,10.4,70.0,1006.3,9.7,112.0,41.0,,0.0,,
458,SENS_3446C8,2026-03-18 22:00:00+00:00,28.541999999999994,,34.836,0.66,5.4,0.0,0.0,0.0,1488.4,,0.0,10.4,70.0,1006.3,9.7,112.0,41.0,,0.0,,
459,SENS_3446C8,2026-03-18 22:10:00+00:00,28.554,,35.489999999999995,0.66,5.2,0.0,0.0,0.0,1530.6,,0.0,10.4,70.0,1006.3,9.7,112.0,41.0,,0.0,,
460,SENS_3446C8,2026-03-18 22:20:00+00:00,28.555,,35.2325,0.66,6.25,0.0,0.0,0.0,1486.25,,0.0,10.4,70.0,1006.3,9.7,112.0,41.0,,0.0,,
461,SENS_3446C8,2026-03-18 22:30:00+00:00,28.556,,35.298,0.66,5.6,0.0,0.0,0.0,1471.6,,0.0,10.4,70.0,1006.3,9.7,112.0,41.0,,0.0,,
462,SENS_3446C8,2026-03-18 22:40:00+00:00,28.5425,,35.239999999999995,0.66,5.5,0.0,0.0,0.0,1427.5,,0.0,9.2,65.0,1006.9,9.2,116.0,33.0,,0.0,,
463,SENS_3446C8,2026-03-18 22:50:00+00:00,28.63,,34.78,0.66,6.0,0.0,0.0,0.0,1430.0,,0.0,9.2,65.0,1006.9,9.2,116.0,33.0,,0.0,,
464,SENS_3446C8,2026-03-18 23:05:00+00:00,28.594,,35.315999999999995,0.66,6.8,0.0,0.0,0.0,1422.8,,0.6,9.2,65.0,1006.9,9.2,116.0,33.0,,0.0,,
465,SENS_3446C8,2026-03-18 23:15:00+00:00,28.594,,35.76,0.66,5.8,0.0,0.0,0.0,1420.4,,0.0,9.2,65.0,1006.9,9.2,116.0,33.0,,0.0,,
466,SENS_3446C8,2026-03-18 23:25:00+00:00,28.578,,34.99,0.66,6.8,0.0,0.0,0.0,1326.6,,0.4,9.2,65.0,1006.9,9.2,116.0,33.0,,0.0,,
467,SENS_3446C8,2026-03-18 23:35:00+00:00,28.566000000000003,,34.946,0.66,6.8,0.0,0.0,0.0,1300.4,,0.0,,,,,,,,,,
468,SENS_3446C8,2026-03-18 23:45:00+00:00,28.5675,,34.425000000000004,0.66,5.75,0.0,0.0,0.0,1246.0,,0.0,,,,,,,,,,
469,SENS_3446C8,2026-03-18 23:55:00+00:00,28.578,,34.296,0.66,5.6,0.0,0.0,0.0,1225.0,,0.0,,,,,,,,,,
